stringa cercata;thread per blocco;blocchi per SM;ripetizione;dimensione file;throughput
abracadabra;32;24;1;2000;139810133333,33
abracadabra;32;24;2;2000;139810133333,33
abracadabra;32;24;3;2000;139810133333,33
abracadabra;32;24;4;2000;139810133333,33
abracadabra;32;24;5;2000;131072000000,00
abracadabra;32;24;6;2000;131072000000,00
abracadabra;32;24;7;2000;139810133333,33
abracadabra;32;24;8;2000;139810133333,33
abracadabra;32;24;9;2000;131072000000,00
abracadabra;32;24;10;2000;139810133333,33
abracadabra;32;24;11;2000;131072000000,00
abracadabra;32;24;12;2000;131072000000,00
abracadabra;32;24;13;2000;131072000000,00
abracadabra;32;24;14;2000;131072000000,00
abracadabra;32;24;15;2000;131072000000,00
abracadabra;32;24;16;2000;131072000000,00
abracadabra;32;24;17;2000;131072000000,00
abracadabra;32;24;18;2000;139810133333,33
abracadabra;32;24;19;2000;131072000000,00
abracadabra;32;24;20;2000;131072000000,00
abracadabra;32;24;21;2000;131072000000,00
abracadabra;32;24;22;2000;131072000000,00
abracadabra;32;24;23;2000;131072000000,00
abracadabra;32;24;24;2000;131072000000,00
abracadabra;32;24;25;2000;131072000000,00
abracadabra;32;24;26;2000;131072000000,00
abracadabra;32;24;27;2000;131072000000,00
abracadabra;32;24;28;2000;131072000000,00
abracadabra;32;24;29;2000;131072000000,00
abracadabra;32;24;30;2000;131072000000,00
abracadabra;64;24;1;2000;174762666666,67
abracadabra;64;24;2;2000;161319384615,38
abracadabra;64;24;3;2000;174762666666,67
abracadabra;64;24;4;2000;161319384615,38
abracadabra;64;24;5;2000;161319384615,38
abracadabra;64;24;6;2000;161319384615,38
abracadabra;64;24;7;2000;161319384615,38
abracadabra;64;24;8;2000;161319384615,38
abracadabra;64;24;9;2000;161319384615,38
abracadabra;64;24;10;2000;161319384615,38
abracadabra;64;24;11;2000;161319384615,38
abracadabra;64;24;12;2000;161319384615,38
abracadabra;64;24;13;2000;161319384615,38
abracadabra;64;24;14;2000;149796571428,57
abracadabra;64;24;15;2000;139810133333,33
abracadabra;64;24;16;2000;123361882352,94
abracadabra;64;24;17;2000;131072000000,00
abracadabra;64;24;18;2000;123361882352,94
abracadabra;64;24;19;2000;123361882352,94
abracadabra;64;24;20;2000;123361882352,94
abracadabra;64;24;21;2000;123361882352,94
abracadabra;64;24;22;2000;116508444444,44
abracadabra;64;24;23;2000;116508444444,44
abracadabra;64;24;24;2000;116508444444,44
abracadabra;64;24;25;2000;116508444444,44
abracadabra;64;24;26;2000;116508444444,44
abracadabra;64;24;27;2000;123361882352,94
abracadabra;64;24;28;2000;123361882352,94
abracadabra;64;24;29;2000;123361882352,94
abracadabra;64;24;30;2000;131072000000,00
abracadabra;96;16;1;2000;139810133333,33
abracadabra;96;16;2;2000;139810133333,33
abracadabra;96;16;3;2000;149796571428,57
abracadabra;96;16;4;2000;161319384615,38
abracadabra;96;16;5;2000;161319384615,38
abracadabra;96;16;6;2000;161319384615,38
abracadabra;96;16;7;2000;161319384615,38
abracadabra;96;16;8;2000;161319384615,38
abracadabra;96;16;9;2000;161319384615,38
abracadabra;96;16;10;2000;161319384615,38
abracadabra;96;16;11;2000;161319384615,38
abracadabra;96;16;12;2000;161319384615,38
abracadabra;96;16;13;2000;161319384615,38
abracadabra;96;16;14;2000;161319384615,38
abracadabra;96;16;15;2000;161319384615,38
abracadabra;96;16;16;2000;161319384615,38
abracadabra;96;16;17;2000;161319384615,38
abracadabra;96;16;18;2000;161319384615,38
abracadabra;96;16;19;2000;161319384615,38
abracadabra;96;16;20;2000;161319384615,38
abracadabra;96;16;21;2000;161319384615,38
abracadabra;96;16;22;2000;161319384615,38
abracadabra;96;16;23;2000;161319384615,38
abracadabra;96;16;24;2000;161319384615,38
abracadabra;96;16;25;2000;161319384615,38
abracadabra;96;16;26;2000;161319384615,38
abracadabra;96;16;27;2000;161319384615,38
abracadabra;96;16;28;2000;174762666666,67
abracadabra;96;16;29;2000;161319384615,38
abracadabra;96;16;30;2000;161319384615,38
abracadabra;128;12;1;2000;161319384615,38
abracadabra;128;12;2;2000;174762666666,67
abracadabra;128;12;3;2000;161319384615,38
abracadabra;128;12;4;2000;161319384615,38
abracadabra;128;12;5;2000;161319384615,38
abracadabra;128;12;6;2000;161319384615,38
abracadabra;128;12;7;2000;161319384615,38
abracadabra;128;12;8;2000;161319384615,38
abracadabra;128;12;9;2000;161319384615,38
abracadabra;128;12;10;2000;161319384615,38
abracadabra;128;12;11;2000;161319384615,38
abracadabra;128;12;12;2000;161319384615,38
abracadabra;128;12;13;2000;161319384615,38
abracadabra;128;12;14;2000;149796571428,57
abracadabra;128;12;15;2000;161319384615,38
abracadabra;128;12;16;2000;149796571428,57
abracadabra;128;12;17;2000;139810133333,33
abracadabra;128;12;18;2000;139810133333,33
abracadabra;128;12;19;2000;139810133333,33
abracadabra;128;12;20;2000;139810133333,33
abracadabra;128;12;21;2000;139810133333,33
abracadabra;128;12;22;2000;131072000000,00
abracadabra;128;12;23;2000;123361882352,94
abracadabra;128;12;24;2000;131072000000,00
abracadabra;128;12;25;2000;131072000000,00
abracadabra;128;12;26;2000;131072000000,00
abracadabra;128;12;27;2000;123361882352,94
abracadabra;128;12;28;2000;131072000000,00
abracadabra;128;12;29;2000;131072000000,00
abracadabra;128;12;30;2000;131072000000,00
abracadabra;160;9;1;2000;131072000000,00
abracadabra;160;9;2;2000;131072000000,00
abracadabra;160;9;3;2000;131072000000,00
abracadabra;160;9;4;2000;131072000000,00
abracadabra;160;9;5;2000;139810133333,33
abracadabra;160;9;6;2000;139810133333,33
abracadabra;160;9;7;2000;149796571428,57
abracadabra;160;9;8;2000;149796571428,57
abracadabra;160;9;9;2000;149796571428,57
abracadabra;160;9;10;2000;161319384615,38
abracadabra;160;9;11;2000;149796571428,57
abracadabra;160;9;12;2000;149796571428,57
abracadabra;160;9;13;2000;161319384615,38
abracadabra;160;9;14;2000;161319384615,38
abracadabra;160;9;15;2000;161319384615,38
abracadabra;160;9;16;2000;161319384615,38
abracadabra;160;9;17;2000;161319384615,38
abracadabra;160;9;18;2000;161319384615,38
abracadabra;160;9;19;2000;161319384615,38
abracadabra;160;9;20;2000;161319384615,38
abracadabra;160;9;21;2000;161319384615,38
abracadabra;160;9;22;2000;161319384615,38
abracadabra;160;9;23;2000;161319384615,38
abracadabra;160;9;24;2000;149796571428,57
abracadabra;160;9;25;2000;161319384615,38
abracadabra;160;9;26;2000;161319384615,38
abracadabra;160;9;27;2000;161319384615,38
abracadabra;160;9;28;2000;161319384615,38
abracadabra;160;9;29;2000;161319384615,38
abracadabra;160;9;30;2000;161319384615,38
abracadabra;192;8;1;2000;161319384615,38
abracadabra;192;8;2;2000;161319384615,38
abracadabra;192;8;3;2000;161319384615,38
abracadabra;192;8;4;2000;161319384615,38
abracadabra;192;8;5;2000;161319384615,38
abracadabra;192;8;6;2000;161319384615,38
abracadabra;192;8;7;2000;161319384615,38
abracadabra;192;8;8;2000;161319384615,38
abracadabra;192;8;9;2000;161319384615,38
abracadabra;192;8;10;2000;161319384615,38
abracadabra;192;8;11;2000;161319384615,38
abracadabra;192;8;12;2000;174762666666,67
abracadabra;192;8;13;2000;161319384615,38
abracadabra;192;8;14;2000;161319384615,38
abracadabra;192;8;15;2000;161319384615,38
abracadabra;192;8;16;2000;161319384615,38
abracadabra;192;8;17;2000;161319384615,38
abracadabra;192;8;18;2000;149796571428,57
abracadabra;192;8;19;2000;149796571428,57
abracadabra;192;8;20;2000;149796571428,57
abracadabra;192;8;21;2000;139810133333,33
abracadabra;192;8;22;2000;139810133333,33
abracadabra;192;8;23;2000;139810133333,33
abracadabra;192;8;24;2000;139810133333,33
abracadabra;192;8;25;2000;139810133333,33
abracadabra;192;8;26;2000;139810133333,33
abracadabra;192;8;27;2000;139810133333,33
abracadabra;192;8;28;2000;131072000000,00
abracadabra;192;8;29;2000;131072000000,00
abracadabra;192;8;30;2000;139810133333,33
abracadabra;224;6;1;2000;139810133333,33
abracadabra;224;6;2;2000;139810133333,33
abracadabra;224;6;3;2000;139810133333,33
abracadabra;224;6;4;2000;131072000000,00
abracadabra;224;6;5;2000;139810133333,33
abracadabra;224;6;6;2000;131072000000,00
abracadabra;224;6;7;2000;139810133333,33
abracadabra;224;6;8;2000;139810133333,33
abracadabra;224;6;9;2000;149796571428,57
abracadabra;224;6;10;2000;139810133333,33
abracadabra;224;6;11;2000;139810133333,33
abracadabra;224;6;12;2000;139810133333,33
abracadabra;224;6;13;2000;139810133333,33
abracadabra;224;6;14;2000;149796571428,57
abracadabra;224;6;15;2000;149796571428,57
abracadabra;224;6;16;2000;149796571428,57
abracadabra;224;6;17;2000;149796571428,57
abracadabra;224;6;18;2000;149796571428,57
abracadabra;224;6;19;2000;161319384615,38
abracadabra;224;6;20;2000;161319384615,38
abracadabra;224;6;21;2000;161319384615,38
abracadabra;224;6;22;2000;149796571428,57
abracadabra;224;6;23;2000;161319384615,38
abracadabra;224;6;24;2000;161319384615,38
abracadabra;224;6;25;2000;161319384615,38
abracadabra;224;6;26;2000;161319384615,38
abracadabra;224;6;27;2000;161319384615,38
abracadabra;224;6;28;2000;161319384615,38
abracadabra;224;6;29;2000;161319384615,38
abracadabra;224;6;30;2000;149796571428,57
abracadabra;256;6;1;2000;161319384615,38
abracadabra;256;6;2;2000;161319384615,38
abracadabra;256;6;3;2000;161319384615,38
abracadabra;256;6;4;2000;161319384615,38
abracadabra;256;6;5;2000;161319384615,38
abracadabra;256;6;6;2000;161319384615,38
abracadabra;256;6;7;2000;174762666666,67
abracadabra;256;6;8;2000;161319384615,38
abracadabra;256;6;9;2000;161319384615,38
abracadabra;256;6;10;2000;161319384615,38
abracadabra;256;6;11;2000;161319384615,38
abracadabra;256;6;12;2000;161319384615,38
abracadabra;256;6;13;2000;161319384615,38
abracadabra;256;6;14;2000;161319384615,38
abracadabra;256;6;15;2000;161319384615,38
abracadabra;256;6;16;2000;161319384615,38
abracadabra;256;6;17;2000;161319384615,38
abracadabra;256;6;18;2000;161319384615,38
abracadabra;256;6;19;2000;149796571428,57
abracadabra;256;6;20;2000;149796571428,57
abracadabra;256;6;21;2000;149796571428,57
abracadabra;256;6;22;2000;149796571428,57
abracadabra;256;6;23;2000;149796571428,57
abracadabra;256;6;24;2000;139810133333,33
abracadabra;256;6;25;2000;149796571428,57
abracadabra;256;6;26;2000;149796571428,57
abracadabra;256;6;27;2000;139810133333,33
abracadabra;256;6;28;2000;139810133333,33
abracadabra;256;6;29;2000;139810133333,33
abracadabra;256;6;30;2000;139810133333,33
abracadabra;288;5;1;2000;139810133333,33
abracadabra;288;5;2;2000;139810133333,33
abracadabra;288;5;3;2000;139810133333,33
abracadabra;288;5;4;2000;139810133333,33
abracadabra;288;5;5;2000;139810133333,33
abracadabra;288;5;6;2000;139810133333,33
abracadabra;288;5;7;2000;139810133333,33
abracadabra;288;5;8;2000;139810133333,33
abracadabra;288;5;9;2000;139810133333,33
abracadabra;288;5;10;2000;139810133333,33
abracadabra;288;5;11;2000;139810133333,33
abracadabra;288;5;12;2000;139810133333,33
abracadabra;288;5;13;2000;139810133333,33
abracadabra;288;5;14;2000;149796571428,57
abracadabra;288;5;15;2000;149796571428,57
abracadabra;288;5;16;2000;149796571428,57
abracadabra;288;5;17;2000;149796571428,57
abracadabra;288;5;18;2000;139810133333,33
abracadabra;288;5;19;2000;149796571428,57
abracadabra;288;5;20;2000;149796571428,57
abracadabra;288;5;21;2000;149796571428,57
abracadabra;288;5;22;2000;149796571428,57
abracadabra;288;5;23;2000;149796571428,57
abracadabra;288;5;24;2000;149796571428,57
abracadabra;288;5;25;2000;161319384615,38
abracadabra;288;5;26;2000;161319384615,38
abracadabra;288;5;27;2000;149796571428,57
abracadabra;288;5;28;2000;149796571428,57
abracadabra;288;5;29;2000;161319384615,38
abracadabra;288;5;30;2000;161319384615,38
unevenstring;32;24;1;2000;139810133333,33
unevenstring;32;24;2;2000;149796571428,57
unevenstring;32;24;3;2000;149796571428,57
unevenstring;32;24;4;2000;149796571428,57
unevenstring;32;24;5;2000;149796571428,57
unevenstring;32;24;6;2000;149796571428,57
unevenstring;32;24;7;2000;149796571428,57
unevenstring;32;24;8;2000;149796571428,57
unevenstring;32;24;9;2000;149796571428,57
unevenstring;32;24;10;2000;149796571428,57
unevenstring;32;24;11;2000;149796571428,57
unevenstring;32;24;12;2000;149796571428,57
unevenstring;32;24;13;2000;149796571428,57
unevenstring;32;24;14;2000;149796571428,57
unevenstring;32;24;15;2000;149796571428,57
unevenstring;32;24;16;2000;149796571428,57
unevenstring;32;24;17;2000;149796571428,57
unevenstring;32;24;18;2000;139810133333,33
unevenstring;32;24;19;2000;149796571428,57
unevenstring;32;24;20;2000;149796571428,57
unevenstring;32;24;21;2000;139810133333,33
unevenstring;32;24;22;2000;139810133333,33
unevenstring;32;24;23;2000;139810133333,33
unevenstring;32;24;24;2000;139810133333,33
unevenstring;32;24;25;2000;139810133333,33
unevenstring;32;24;26;2000;139810133333,33
unevenstring;32;24;27;2000;139810133333,33
unevenstring;32;24;28;2000;139810133333,33
unevenstring;32;24;29;2000;139810133333,33
unevenstring;32;24;30;2000;131072000000,00
unevenstring;64;24;1;2000;174762666666,67
unevenstring;64;24;2;2000;174762666666,67
unevenstring;64;24;3;2000;161319384615,38
unevenstring;64;24;4;2000;161319384615,38
unevenstring;64;24;5;2000;161319384615,38
unevenstring;64;24;6;2000;161319384615,38
unevenstring;64;24;7;2000;161319384615,38
unevenstring;64;24;8;2000;149796571428,57
unevenstring;64;24;9;2000;161319384615,38
unevenstring;64;24;10;2000;174762666666,67
unevenstring;64;24;11;2000;174762666666,67
unevenstring;64;24;12;2000;174762666666,67
unevenstring;64;24;13;2000;174762666666,67
unevenstring;64;24;14;2000;190650181818,18
unevenstring;64;24;15;2000;174762666666,67
unevenstring;64;24;16;2000;174762666666,67
unevenstring;64;24;17;2000;174762666666,67
unevenstring;64;24;18;2000;174762666666,67
unevenstring;64;24;19;2000;174762666666,67
unevenstring;64;24;20;2000;190650181818,18
unevenstring;64;24;21;2000;174762666666,67
unevenstring;64;24;22;2000;174762666666,67
unevenstring;64;24;23;2000;174762666666,67
unevenstring;64;24;24;2000;190650181818,18
unevenstring;64;24;25;2000;190650181818,18
unevenstring;64;24;26;2000;190650181818,18
unevenstring;64;24;27;2000;190650181818,18
unevenstring;64;24;28;2000;190650181818,18
unevenstring;64;24;29;2000;190650181818,18
unevenstring;64;24;30;2000;190650181818,18
unevenstring;96;16;1;2000;190650181818,18
unevenstring;96;16;2;2000;190650181818,18
unevenstring;96;16;3;2000;190650181818,18
unevenstring;96;16;4;2000;190650181818,18
unevenstring;96;16;5;2000;190650181818,18
unevenstring;96;16;6;2000;190650181818,18
unevenstring;96;16;7;2000;190650181818,18
unevenstring;96;16;8;2000;190650181818,18
unevenstring;96;16;9;2000;190650181818,18
unevenstring;96;16;10;2000;190650181818,18
unevenstring;96;16;11;2000;190650181818,18
unevenstring;96;16;12;2000;190650181818,18
unevenstring;96;16;13;2000;190650181818,18
unevenstring;96;16;14;2000;190650181818,18
unevenstring;96;16;15;2000;190650181818,18
unevenstring;96;16;16;2000;190650181818,18
unevenstring;96;16;17;2000;190650181818,18
unevenstring;96;16;18;2000;190650181818,18
unevenstring;96;16;19;2000;190650181818,18
unevenstring;96;16;20;2000;190650181818,18
unevenstring;96;16;21;2000;190650181818,18
unevenstring;96;16;22;2000;190650181818,18
unevenstring;96;16;23;2000;190650181818,18
unevenstring;96;16;24;2000;190650181818,18
unevenstring;96;16;25;2000;190650181818,18
unevenstring;96;16;26;2000;190650181818,18
unevenstring;96;16;27;2000;190650181818,18
unevenstring;96;16;28;2000;190650181818,18
unevenstring;96;16;29;2000;174762666666,67
unevenstring;96;16;30;2000;174762666666,67
unevenstring;128;12;1;2000;190650181818,18
unevenstring;128;12;2;2000;190650181818,18
unevenstring;128;12;3;2000;190650181818,18
unevenstring;128;12;4;2000;190650181818,18
unevenstring;128;12;5;2000;190650181818,18
unevenstring;128;12;6;2000;190650181818,18
unevenstring;128;12;7;2000;190650181818,18
unevenstring;128;12;8;2000;190650181818,18
unevenstring;128;12;9;2000;190650181818,18
unevenstring;128;12;10;2000;190650181818,18
unevenstring;128;12;11;2000;190650181818,18
unevenstring;128;12;12;2000;190650181818,18
unevenstring;128;12;13;2000;190650181818,18
unevenstring;128;12;14;2000;190650181818,18
unevenstring;128;12;15;2000;190650181818,18
unevenstring;128;12;16;2000;190650181818,18
unevenstring;128;12;17;2000;190650181818,18
unevenstring;128;12;18;2000;190650181818,18
unevenstring;128;12;19;2000;190650181818,18
unevenstring;128;12;20;2000;190650181818,18
unevenstring;128;12;21;2000;174762666666,67
unevenstring;128;12;22;2000;190650181818,18
unevenstring;128;12;23;2000;190650181818,18
unevenstring;128;12;24;2000;190650181818,18
unevenstring;128;12;25;2000;174762666666,67
unevenstring;128;12;26;2000;174762666666,67
unevenstring;128;12;27;2000;190650181818,18
unevenstring;128;12;28;2000;174762666666,67
unevenstring;128;12;29;2000;174762666666,67
unevenstring;128;12;30;2000;190650181818,18
unevenstring;160;9;1;2000;174762666666,67
unevenstring;160;9;2;2000;174762666666,67
unevenstring;160;9;3;2000;174762666666,67
unevenstring;160;9;4;2000;174762666666,67
unevenstring;160;9;5;2000;190650181818,18
unevenstring;160;9;6;2000;190650181818,18
unevenstring;160;9;7;2000;190650181818,18
unevenstring;160;9;8;2000;190650181818,18
unevenstring;160;9;9;2000;190650181818,18
unevenstring;160;9;10;2000;190650181818,18
unevenstring;160;9;11;2000;190650181818,18
unevenstring;160;9;12;2000;190650181818,18
unevenstring;160;9;13;2000;190650181818,18
unevenstring;160;9;14;2000;190650181818,18
unevenstring;160;9;15;2000;190650181818,18
unevenstring;160;9;16;2000;174762666666,67
unevenstring;160;9;17;2000;190650181818,18
unevenstring;160;9;18;2000;190650181818,18
unevenstring;160;9;19;2000;174762666666,67
unevenstring;160;9;20;2000;174762666666,67
unevenstring;160;9;21;2000;190650181818,18
unevenstring;160;9;22;2000;174762666666,67
unevenstring;160;9;23;2000;190650181818,18
unevenstring;160;9;24;2000;190650181818,18
unevenstring;160;9;25;2000;174762666666,67
unevenstring;160;9;26;2000;190650181818,18
unevenstring;160;9;27;2000;190650181818,18
unevenstring;160;9;28;2000;190650181818,18
unevenstring;160;9;29;2000;190650181818,18
unevenstring;160;9;30;2000;190650181818,18
unevenstring;192;8;1;2000;190650181818,18
unevenstring;192;8;2;2000;190650181818,18
unevenstring;192;8;3;2000;190650181818,18
unevenstring;192;8;4;2000;190650181818,18
unevenstring;192;8;5;2000;209715200000,00
unevenstring;192;8;6;2000;190650181818,18
unevenstring;192;8;7;2000;190650181818,18
unevenstring;192;8;8;2000;190650181818,18
unevenstring;192;8;9;2000;190650181818,18
unevenstring;192;8;10;2000;190650181818,18
unevenstring;192;8;11;2000;190650181818,18
unevenstring;192;8;12;2000;190650181818,18
unevenstring;192;8;13;2000;190650181818,18
unevenstring;192;8;14;2000;190650181818,18
unevenstring;192;8;15;2000;190650181818,18
unevenstring;192;8;16;2000;190650181818,18
unevenstring;192;8;17;2000;190650181818,18
unevenstring;192;8;18;2000;190650181818,18
unevenstring;192;8;19;2000;190650181818,18
unevenstring;192;8;20;2000;190650181818,18
unevenstring;192;8;21;2000;190650181818,18
unevenstring;192;8;22;2000;190650181818,18
unevenstring;192;8;23;2000;190650181818,18
unevenstring;192;8;24;2000;190650181818,18
unevenstring;192;8;25;2000;190650181818,18
unevenstring;192;8;26;2000;190650181818,18
unevenstring;192;8;27;2000;190650181818,18
unevenstring;192;8;28;2000;190650181818,18
unevenstring;192;8;29;2000;190650181818,18
unevenstring;192;8;30;2000;190650181818,18
unevenstring;224;6;1;2000;174762666666,67
unevenstring;224;6;2;2000;174762666666,67
unevenstring;224;6;3;2000;190650181818,18
unevenstring;224;6;4;2000;174762666666,67
unevenstring;224;6;5;2000;174762666666,67
unevenstring;224;6;6;2000;190650181818,18
unevenstring;224;6;7;2000;174762666666,67
unevenstring;224;6;8;2000;174762666666,67
unevenstring;224;6;9;2000;174762666666,67
unevenstring;224;6;10;2000;174762666666,67
unevenstring;224;6;11;2000;174762666666,67
unevenstring;224;6;12;2000;174762666666,67
unevenstring;224;6;13;2000;174762666666,67
unevenstring;224;6;14;2000;174762666666,67
unevenstring;224;6;15;2000;174762666666,67
unevenstring;224;6;16;2000;174762666666,67
unevenstring;224;6;17;2000;174762666666,67
unevenstring;224;6;18;2000;174762666666,67
unevenstring;224;6;19;2000;174762666666,67
unevenstring;224;6;20;2000;174762666666,67
unevenstring;224;6;21;2000;174762666666,67
unevenstring;224;6;22;2000;190650181818,18
unevenstring;224;6;23;2000;174762666666,67
unevenstring;224;6;24;2000;190650181818,18
unevenstring;224;6;25;2000;190650181818,18
unevenstring;224;6;26;2000;174762666666,67
unevenstring;224;6;27;2000;174762666666,67
unevenstring;224;6;28;2000;190650181818,18
unevenstring;224;6;29;2000;190650181818,18
unevenstring;224;6;30;2000;190650181818,18
unevenstring;256;6;1;2000;190650181818,18
unevenstring;256;6;2;2000;190650181818,18
unevenstring;256;6;3;2000;190650181818,18
unevenstring;256;6;4;2000;190650181818,18
unevenstring;256;6;5;2000;190650181818,18
unevenstring;256;6;6;2000;190650181818,18
unevenstring;256;6;7;2000;190650181818,18
unevenstring;256;6;8;2000;190650181818,18
unevenstring;256;6;9;2000;190650181818,18
unevenstring;256;6;10;2000;190650181818,18
unevenstring;256;6;11;2000;190650181818,18
unevenstring;256;6;12;2000;190650181818,18
unevenstring;256;6;13;2000;190650181818,18
unevenstring;256;6;14;2000;190650181818,18
unevenstring;256;6;15;2000;190650181818,18
unevenstring;256;6;16;2000;190650181818,18
unevenstring;256;6;17;2000;190650181818,18
unevenstring;256;6;18;2000;190650181818,18
unevenstring;256;6;19;2000;190650181818,18
unevenstring;256;6;20;2000;190650181818,18
unevenstring;256;6;21;2000;190650181818,18
unevenstring;256;6;22;2000;190650181818,18
unevenstring;256;6;23;2000;190650181818,18
unevenstring;256;6;24;2000;190650181818,18
unevenstring;256;6;25;2000;190650181818,18
unevenstring;256;6;26;2000;190650181818,18
unevenstring;256;6;27;2000;190650181818,18
unevenstring;256;6;28;2000;190650181818,18
unevenstring;256;6;29;2000;190650181818,18
unevenstring;256;6;30;2000;190650181818,18
unevenstring;288;5;1;2000;190650181818,18
unevenstring;288;5;2;2000;190650181818,18
unevenstring;288;5;3;2000;190650181818,18
unevenstring;288;5;4;2000;190650181818,18
unevenstring;288;5;5;2000;190650181818,18
unevenstring;288;5;6;2000;190650181818,18
unevenstring;288;5;7;2000;190650181818,18
unevenstring;288;5;8;2000;190650181818,18
unevenstring;288;5;9;2000;190650181818,18
unevenstring;288;5;10;2000;190650181818,18
unevenstring;288;5;11;2000;174762666666,67
unevenstring;288;5;12;2000;174762666666,67
unevenstring;288;5;13;2000;190650181818,18
unevenstring;288;5;14;2000;174762666666,67
unevenstring;288;5;15;2000;190650181818,18
unevenstring;288;5;16;2000;190650181818,18
unevenstring;288;5;17;2000;174762666666,67
unevenstring;288;5;18;2000;174762666666,67
unevenstring;288;5;19;2000;190650181818,18
unevenstring;288;5;20;2000;174762666666,67
unevenstring;288;5;21;2000;174762666666,67
unevenstring;288;5;22;2000;190650181818,18
unevenstring;288;5;23;2000;190650181818,18
unevenstring;288;5;24;2000;174762666666,67
unevenstring;288;5;25;2000;190650181818,18
unevenstring;288;5;26;2000;174762666666,67
unevenstring;288;5;27;2000;190650181818,18
unevenstring;288;5;28;2000;190650181818,18
unevenstring;288;5;29;2000;190650181818,18
unevenstring;288;5;30;2000;174762666666,67
------------;32;24;1;2000;209715200000,00
------------;32;24;2;2000;209715200000,00
------------;32;24;3;2000;209715200000,00
------------;32;24;4;2000;209715200000,00
------------;32;24;5;2000;209715200000,00
------------;32;24;6;2000;209715200000,00
------------;32;24;7;2000;209715200000,00
------------;32;24;8;2000;209715200000,00
------------;32;24;9;2000;209715200000,00
------------;32;24;10;2000;209715200000,00
------------;32;24;11;2000;209715200000,00
------------;32;24;12;2000;209715200000,00
------------;32;24;13;2000;209715200000,00
------------;32;24;14;2000;209715200000,00
------------;32;24;15;2000;209715200000,00
------------;32;24;16;2000;209715200000,00
------------;32;24;17;2000;209715200000,00
------------;32;24;18;2000;209715200000,00
------------;32;24;19;2000;209715200000,00
------------;32;24;20;2000;209715200000,00
------------;32;24;21;2000;209715200000,00
------------;32;24;22;2000;209715200000,00
------------;32;24;23;2000;209715200000,00
------------;32;24;24;2000;209715200000,00
------------;32;24;25;2000;209715200000,00
------------;32;24;26;2000;209715200000,00
------------;32;24;27;2000;209715200000,00
------------;32;24;28;2000;209715200000,00
------------;32;24;29;2000;209715200000,00
------------;32;24;30;2000;209715200000,00
------------;64;24;1;2000;262144000000,00
------------;64;24;2;2000;262144000000,00
------------;64;24;3;2000;262144000000,00
------------;64;24;4;2000;262144000000,00
------------;64;24;5;2000;262144000000,00
------------;64;24;6;2000;262144000000,00
------------;64;24;7;2000;262144000000,00
------------;64;24;8;2000;262144000000,00
------------;64;24;9;2000;262144000000,00
------------;64;24;10;2000;262144000000,00
------------;64;24;11;2000;262144000000,00
------------;64;24;12;2000;262144000000,00
------------;64;24;13;2000;262144000000,00
------------;64;24;14;2000;262144000000,00
------------;64;24;15;2000;262144000000,00
------------;64;24;16;2000;262144000000,00
------------;64;24;17;2000;262144000000,00
------------;64;24;18;2000;262144000000,00
------------;64;24;19;2000;262144000000,00
------------;64;24;20;2000;262144000000,00
------------;64;24;21;2000;262144000000,00
------------;64;24;22;2000;262144000000,00
------------;64;24;23;2000;262144000000,00
------------;64;24;24;2000;262144000000,00
------------;64;24;25;2000;262144000000,00
------------;64;24;26;2000;262144000000,00
------------;64;24;27;2000;262144000000,00
------------;64;24;28;2000;262144000000,00
------------;64;24;29;2000;262144000000,00
------------;64;24;30;2000;262144000000,00
------------;96;16;1;2000;262144000000,00
------------;96;16;2;2000;262144000000,00
------------;96;16;3;2000;262144000000,00
------------;96;16;4;2000;262144000000,00
------------;96;16;5;2000;262144000000,00
------------;96;16;6;2000;262144000000,00
------------;96;16;7;2000;262144000000,00
------------;96;16;8;2000;262144000000,00
------------;96;16;9;2000;262144000000,00
------------;96;16;10;2000;262144000000,00
------------;96;16;11;2000;233016888888,89
------------;96;16;12;2000;233016888888,89
------------;96;16;13;2000;262144000000,00
------------;96;16;14;2000;262144000000,00
------------;96;16;15;2000;262144000000,00
------------;96;16;16;2000;262144000000,00
------------;96;16;17;2000;262144000000,00
------------;96;16;18;2000;262144000000,00
------------;96;16;19;2000;262144000000,00
------------;96;16;20;2000;262144000000,00
------------;96;16;21;2000;233016888888,89
------------;96;16;22;2000;233016888888,89
------------;96;16;23;2000;233016888888,89
------------;96;16;24;2000;233016888888,89
------------;96;16;25;2000;262144000000,00
------------;96;16;26;2000;262144000000,00
------------;96;16;27;2000;262144000000,00
------------;96;16;28;2000;233016888888,89
------------;96;16;29;2000;233016888888,89
------------;96;16;30;2000;233016888888,89
------------;128;12;1;2000;233016888888,89
------------;128;12;2;2000;262144000000,00
------------;128;12;3;2000;262144000000,00
------------;128;12;4;2000;262144000000,00
------------;128;12;5;2000;262144000000,00
------------;128;12;6;2000;262144000000,00
------------;128;12;7;2000;262144000000,00
------------;128;12;8;2000;262144000000,00
------------;128;12;9;2000;262144000000,00
------------;128;12;10;2000;262144000000,00
------------;128;12;11;2000;262144000000,00
------------;128;12;12;2000;262144000000,00
------------;128;12;13;2000;262144000000,00
------------;128;12;14;2000;262144000000,00
------------;128;12;15;2000;262144000000,00
------------;128;12;16;2000;262144000000,00
------------;128;12;17;2000;262144000000,00
------------;128;12;18;2000;262144000000,00
------------;128;12;19;2000;262144000000,00
------------;128;12;20;2000;262144000000,00
------------;128;12;21;2000;262144000000,00
------------;128;12;22;2000;262144000000,00
------------;128;12;23;2000;262144000000,00
------------;128;12;24;2000;262144000000,00
------------;128;12;25;2000;262144000000,00
------------;128;12;26;2000;262144000000,00
------------;128;12;27;2000;262144000000,00
------------;128;12;28;2000;262144000000,00
------------;128;12;29;2000;262144000000,00
------------;128;12;30;2000;262144000000,00
------------;160;9;1;2000;233016888888,89
------------;160;9;2;2000;233016888888,89
------------;160;9;3;2000;262144000000,00
------------;160;9;4;2000;233016888888,89
------------;160;9;5;2000;262144000000,00
------------;160;9;6;2000;262144000000,00
------------;160;9;7;2000;262144000000,00
------------;160;9;8;2000;262144000000,00
------------;160;9;9;2000;262144000000,00
------------;160;9;10;2000;262144000000,00
------------;160;9;11;2000;262144000000,00
------------;160;9;12;2000;262144000000,00
------------;160;9;13;2000;262144000000,00
------------;160;9;14;2000;262144000000,00
------------;160;9;15;2000;262144000000,00
------------;160;9;16;2000;262144000000,00
------------;160;9;17;2000;262144000000,00
------------;160;9;18;2000;262144000000,00
------------;160;9;19;2000;262144000000,00
------------;160;9;20;2000;233016888888,89
------------;160;9;21;2000;233016888888,89
------------;160;9;22;2000;262144000000,00
------------;160;9;23;2000;233016888888,89
------------;160;9;24;2000;233016888888,89
------------;160;9;25;2000;233016888888,89
------------;160;9;26;2000;233016888888,89
------------;160;9;27;2000;262144000000,00
------------;160;9;28;2000;262144000000,00
------------;160;9;29;2000;262144000000,00
------------;160;9;30;2000;233016888888,89
------------;192;8;1;2000;262144000000,00
------------;192;8;2;2000;262144000000,00
------------;192;8;3;2000;262144000000,00
------------;192;8;4;2000;262144000000,00
------------;192;8;5;2000;262144000000,00
------------;192;8;6;2000;262144000000,00
------------;192;8;7;2000;262144000000,00
------------;192;8;8;2000;262144000000,00
------------;192;8;9;2000;262144000000,00
------------;192;8;10;2000;262144000000,00
------------;192;8;11;2000;262144000000,00
------------;192;8;12;2000;262144000000,00
------------;192;8;13;2000;262144000000,00
------------;192;8;14;2000;262144000000,00
------------;192;8;15;2000;233016888888,89
------------;192;8;16;2000;233016888888,89
------------;192;8;17;2000;262144000000,00
------------;192;8;18;2000;233016888888,89
------------;192;8;19;2000;262144000000,00
------------;192;8;20;2000;233016888888,89
------------;192;8;21;2000;233016888888,89
------------;192;8;22;2000;233016888888,89
------------;192;8;23;2000;262144000000,00
------------;192;8;24;2000;233016888888,89
------------;192;8;25;2000;233016888888,89
------------;192;8;26;2000;233016888888,89
------------;192;8;27;2000;233016888888,89
------------;192;8;28;2000;233016888888,89
------------;192;8;29;2000;233016888888,89
------------;192;8;30;2000;262144000000,00
------------;224;6;1;2000;233016888888,89
------------;224;6;2;2000;233016888888,89
------------;224;6;3;2000;233016888888,89
------------;224;6;4;2000;233016888888,89
------------;224;6;5;2000;233016888888,89
------------;224;6;6;2000;233016888888,89
------------;224;6;7;2000;233016888888,89
------------;224;6;8;2000;233016888888,89
------------;224;6;9;2000;233016888888,89
------------;224;6;10;2000;233016888888,89
------------;224;6;11;2000;233016888888,89
------------;224;6;12;2000;233016888888,89
------------;224;6;13;2000;233016888888,89
------------;224;6;14;2000;233016888888,89
------------;224;6;15;2000;233016888888,89
------------;224;6;16;2000;262144000000,00
------------;224;6;17;2000;233016888888,89
------------;224;6;18;2000;233016888888,89
------------;224;6;19;2000;233016888888,89
------------;224;6;20;2000;233016888888,89
------------;224;6;21;2000;233016888888,89
------------;224;6;22;2000;233016888888,89
------------;224;6;23;2000;233016888888,89
------------;224;6;24;2000;233016888888,89
------------;224;6;25;2000;233016888888,89
------------;224;6;26;2000;233016888888,89
------------;224;6;27;2000;233016888888,89
------------;224;6;28;2000;233016888888,89
------------;224;6;29;2000;233016888888,89
------------;224;6;30;2000;233016888888,89
------------;256;6;1;2000;262144000000,00
------------;256;6;2;2000;262144000000,00
------------;256;6;3;2000;262144000000,00
------------;256;6;4;2000;233016888888,89
------------;256;6;5;2000;262144000000,00
------------;256;6;6;2000;262144000000,00
------------;256;6;7;2000;262144000000,00
------------;256;6;8;2000;262144000000,00
------------;256;6;9;2000;262144000000,00
------------;256;6;10;2000;262144000000,00
------------;256;6;11;2000;262144000000,00
------------;256;6;12;2000;262144000000,00
------------;256;6;13;2000;262144000000,00
------------;256;6;14;2000;262144000000,00
------------;256;6;15;2000;262144000000,00
------------;256;6;16;2000;262144000000,00
------------;256;6;17;2000;262144000000,00
------------;256;6;18;2000;262144000000,00
------------;256;6;19;2000;262144000000,00
------------;256;6;20;2000;262144000000,00
------------;256;6;21;2000;262144000000,00
------------;256;6;22;2000;262144000000,00
------------;256;6;23;2000;262144000000,00
------------;256;6;24;2000;262144000000,00
------------;256;6;25;2000;262144000000,00
------------;256;6;26;2000;262144000000,00
------------;256;6;27;2000;262144000000,00
------------;256;6;28;2000;262144000000,00
------------;256;6;29;2000;262144000000,00
------------;256;6;30;2000;262144000000,00
------------;288;5;1;2000;233016888888,89
------------;288;5;2;2000;233016888888,89
------------;288;5;3;2000;233016888888,89
------------;288;5;4;2000;233016888888,89
------------;288;5;5;2000;233016888888,89
------------;288;5;6;2000;233016888888,89
------------;288;5;7;2000;233016888888,89
------------;288;5;8;2000;233016888888,89
------------;288;5;9;2000;233016888888,89
------------;288;5;10;2000;233016888888,89
------------;288;5;11;2000;233016888888,89
------------;288;5;12;2000;233016888888,89
------------;288;5;13;2000;233016888888,89
------------;288;5;14;2000;262144000000,00
------------;288;5;15;2000;233016888888,89
------------;288;5;16;2000;233016888888,89
------------;288;5;17;2000;233016888888,89
------------;288;5;18;2000;233016888888,89
------------;288;5;19;2000;233016888888,89
------------;288;5;20;2000;233016888888,89
------------;288;5;21;2000;233016888888,89
------------;288;5;22;2000;233016888888,89
------------;288;5;23;2000;233016888888,89
------------;288;5;24;2000;233016888888,89
------------;288;5;25;2000;233016888888,89
------------;288;5;26;2000;233016888888,89
------------;288;5;27;2000;233016888888,89
------------;288;5;28;2000;233016888888,89
------------;288;5;29;2000;233016888888,89
------------;288;5;30;2000;233016888888,89
abracadabra;32;24;1;4000;119837257142,86
abracadabra;32;24;2;4000;127100121212,12
abracadabra;32;24;3;4000;127100121212,12
abracadabra;32;24;4;4000;127100121212,12
abracadabra;32;24;5;4000;127100121212,12
abracadabra;32;24;6;4000;127100121212,12
abracadabra;32;24;7;4000;127100121212,12
abracadabra;32;24;8;4000;127100121212,12
abracadabra;32;24;9;4000;131072000000,00
abracadabra;32;24;10;4000;127100121212,12
abracadabra;32;24;11;4000;127100121212,12
abracadabra;32;24;12;4000;127100121212,12
abracadabra;32;24;13;4000;131072000000,00
abracadabra;32;24;14;4000;131072000000,00
abracadabra;32;24;15;4000;127100121212,12
abracadabra;32;24;16;4000;127100121212,12
abracadabra;32;24;17;4000;127100121212,12
abracadabra;32;24;18;4000;127100121212,12
abracadabra;32;24;19;4000;127100121212,12
abracadabra;32;24;20;4000;127100121212,12
abracadabra;32;24;21;4000;127100121212,12
abracadabra;32;24;22;4000;127100121212,12
abracadabra;32;24;23;4000;127100121212,12
abracadabra;32;24;24;4000;127100121212,12
abracadabra;32;24;25;4000;123361882352,94
abracadabra;32;24;26;4000;127100121212,12
abracadabra;32;24;27;4000;123361882352,94
abracadabra;32;24;28;4000;123361882352,94
abracadabra;32;24;29;4000;127100121212,12
abracadabra;32;24;30;4000;123361882352,94
abracadabra;64;24;1;4000;161319384615,38
abracadabra;64;24;2;4000;161319384615,38
abracadabra;64;24;3;4000;144631172413,79
abracadabra;64;24;4;4000;155344592592,59
abracadabra;64;24;5;4000;149796571428,57
abracadabra;64;24;6;4000;155344592592,59
abracadabra;64;24;7;4000;149796571428,57
abracadabra;64;24;8;4000;161319384615,38
abracadabra;64;24;9;4000;167772160000,00
abracadabra;64;24;10;4000;155344592592,59
abracadabra;64;24;11;4000;161319384615,38
abracadabra;64;24;12;4000;167772160000,00
abracadabra;64;24;13;4000;155344592592,59
abracadabra;64;24;14;4000;161319384615,38
abracadabra;64;24;15;4000;155344592592,59
abracadabra;64;24;16;4000;161319384615,38
abracadabra;64;24;17;4000;161319384615,38
abracadabra;64;24;18;4000;149796571428,57
abracadabra;64;24;19;4000;161319384615,38
abracadabra;64;24;20;4000;155344592592,59
abracadabra;64;24;21;4000;161319384615,38
abracadabra;64;24;22;4000;167772160000,00
abracadabra;64;24;23;4000;149796571428,57
abracadabra;64;24;24;4000;161319384615,38
abracadabra;64;24;25;4000;155344592592,59
abracadabra;64;24;26;4000;161319384615,38
abracadabra;64;24;27;4000;161319384615,38
abracadabra;64;24;28;4000;144631172413,79
abracadabra;64;24;29;4000;155344592592,59
abracadabra;64;24;30;4000;149796571428,57
abracadabra;96;16;1;4000;161319384615,38
abracadabra;96;16;2;4000;155344592592,59
abracadabra;96;16;3;4000;161319384615,38
abracadabra;96;16;4;4000;161319384615,38
abracadabra;96;16;5;4000;161319384615,38
abracadabra;96;16;6;4000;161319384615,38
abracadabra;96;16;7;4000;144631172413,79
abracadabra;96;16;8;4000;155344592592,59
abracadabra;96;16;9;4000;149796571428,57
abracadabra;96;16;10;4000;155344592592,59
abracadabra;96;16;11;4000;155344592592,59
abracadabra;96;16;12;4000;161319384615,38
abracadabra;96;16;13;4000;167772160000,00
abracadabra;96;16;14;4000;155344592592,59
abracadabra;96;16;15;4000;161319384615,38
abracadabra;96;16;16;4000;161319384615,38
abracadabra;96;16;17;4000;161319384615,38
abracadabra;96;16;18;4000;167772160000,00
abracadabra;96;16;19;4000;155344592592,59
abracadabra;96;16;20;4000;161319384615,38
abracadabra;96;16;21;4000;161319384615,38
abracadabra;96;16;22;4000;155344592592,59
abracadabra;96;16;23;4000;167772160000,00
abracadabra;96;16;24;4000;155344592592,59
abracadabra;96;16;25;4000;161319384615,38
abracadabra;96;16;26;4000;155344592592,59
abracadabra;96;16;27;4000;161319384615,38
abracadabra;96;16;28;4000;167772160000,00
abracadabra;96;16;29;4000;155344592592,59
abracadabra;96;16;30;4000;161319384615,38
abracadabra;128;12;1;4000;155344592592,59
abracadabra;128;12;2;4000;161319384615,38
abracadabra;128;12;3;4000;161319384615,38
abracadabra;128;12;4;4000;155344592592,59
abracadabra;128;12;5;4000;161319384615,38
abracadabra;128;12;6;4000;149796571428,57
abracadabra;128;12;7;4000;161319384615,38
abracadabra;128;12;8;4000;155344592592,59
abracadabra;128;12;9;4000;161319384615,38
abracadabra;128;12;10;4000;161319384615,38
abracadabra;128;12;11;4000;149796571428,57
abracadabra;128;12;12;4000;161319384615,38
abracadabra;128;12;13;4000;149796571428,57
abracadabra;128;12;14;4000;161319384615,38
abracadabra;128;12;15;4000;155344592592,59
abracadabra;128;12;16;4000;161319384615,38
abracadabra;128;12;17;4000;155344592592,59
abracadabra;128;12;18;4000;161319384615,38
abracadabra;128;12;19;4000;167772160000,00
abracadabra;128;12;20;4000;155344592592,59
abracadabra;128;12;21;4000;161319384615,38
abracadabra;128;12;22;4000;155344592592,59
abracadabra;128;12;23;4000;161319384615,38
abracadabra;128;12;24;4000;161319384615,38
abracadabra;128;12;25;4000;155344592592,59
abracadabra;128;12;26;4000;161319384615,38
abracadabra;128;12;27;4000;155344592592,59
abracadabra;128;12;28;4000;161319384615,38
abracadabra;128;12;29;4000;161319384615,38
abracadabra;128;12;30;4000;155344592592,59
abracadabra;160;9;1;4000;155344592592,59
abracadabra;160;9;2;4000;149796571428,57
abracadabra;160;9;3;4000;161319384615,38
abracadabra;160;9;4;4000;149796571428,57
abracadabra;160;9;5;4000;161319384615,38
abracadabra;160;9;6;4000;155344592592,59
abracadabra;160;9;7;4000;155344592592,59
abracadabra;160;9;8;4000;155344592592,59
abracadabra;160;9;9;4000;149796571428,57
abracadabra;160;9;10;4000;155344592592,59
abracadabra;160;9;11;4000;149796571428,57
abracadabra;160;9;12;4000;155344592592,59
abracadabra;160;9;13;4000;149796571428,57
abracadabra;160;9;14;4000;155344592592,59
abracadabra;160;9;15;4000;149796571428,57
abracadabra;160;9;16;4000;155344592592,59
abracadabra;160;9;17;4000;155344592592,59
abracadabra;160;9;18;4000;155344592592,59
abracadabra;160;9;19;4000;155344592592,59
abracadabra;160;9;20;4000;155344592592,59
abracadabra;160;9;21;4000;161319384615,38
abracadabra;160;9;22;4000;149796571428,57
abracadabra;160;9;23;4000;161319384615,38
abracadabra;160;9;24;4000;149796571428,57
abracadabra;160;9;25;4000;161319384615,38
abracadabra;160;9;26;4000;155344592592,59
abracadabra;160;9;27;4000;161319384615,38
abracadabra;160;9;28;4000;155344592592,59
abracadabra;160;9;29;4000;155344592592,59
abracadabra;160;9;30;4000;161319384615,38
abracadabra;192;8;1;4000;155344592592,59
abracadabra;192;8;2;4000;167772160000,00
abracadabra;192;8;3;4000;149796571428,57
abracadabra;192;8;4;4000;161319384615,38
abracadabra;192;8;5;4000;155344592592,59
abracadabra;192;8;6;4000;161319384615,38
abracadabra;192;8;7;4000;167772160000,00
abracadabra;192;8;8;4000;155344592592,59
abracadabra;192;8;9;4000;161319384615,38
abracadabra;192;8;10;4000;155344592592,59
abracadabra;192;8;11;4000;161319384615,38
abracadabra;192;8;12;4000;161319384615,38
abracadabra;192;8;13;4000;161319384615,38
abracadabra;192;8;14;4000;161319384615,38
abracadabra;192;8;15;4000;155344592592,59
abracadabra;192;8;16;4000;161319384615,38
abracadabra;192;8;17;4000;161319384615,38
abracadabra;192;8;18;4000;155344592592,59
abracadabra;192;8;19;4000;161319384615,38
abracadabra;192;8;20;4000;155344592592,59
abracadabra;192;8;21;4000;161319384615,38
abracadabra;192;8;22;4000;155344592592,59
abracadabra;192;8;23;4000;161319384615,38
abracadabra;192;8;24;4000;161319384615,38
abracadabra;192;8;25;4000;149796571428,57
abracadabra;192;8;26;4000;161319384615,38
abracadabra;192;8;27;4000;155344592592,59
abracadabra;192;8;28;4000;161319384615,38
abracadabra;192;8;29;4000;161319384615,38
abracadabra;192;8;30;4000;161319384615,38
abracadabra;224;6;1;4000;155344592592,59
abracadabra;224;6;2;4000;149796571428,57
abracadabra;224;6;3;4000;161319384615,38
abracadabra;224;6;4;4000;149796571428,57
abracadabra;224;6;5;4000;155344592592,59
abracadabra;224;6;6;4000;149796571428,57
abracadabra;224;6;7;4000;155344592592,59
abracadabra;224;6;8;4000;155344592592,59
abracadabra;224;6;9;4000;161319384615,38
abracadabra;224;6;10;4000;155344592592,59
abracadabra;224;6;11;4000;155344592592,59
abracadabra;224;6;12;4000;155344592592,59
abracadabra;224;6;13;4000;155344592592,59
abracadabra;224;6;14;4000;161319384615,38
abracadabra;224;6;15;4000;155344592592,59
abracadabra;224;6;16;4000;155344592592,59
abracadabra;224;6;17;4000;149796571428,57
abracadabra;224;6;18;4000;155344592592,59
abracadabra;224;6;19;4000;149796571428,57
abracadabra;224;6;20;4000;155344592592,59
abracadabra;224;6;21;4000;149796571428,57
abracadabra;224;6;22;4000;155344592592,59
abracadabra;224;6;23;4000;149796571428,57
abracadabra;224;6;24;4000;161319384615,38
abracadabra;224;6;25;4000;149796571428,57
abracadabra;224;6;26;4000;155344592592,59
abracadabra;224;6;27;4000;155344592592,59
abracadabra;224;6;28;4000;155344592592,59
abracadabra;224;6;29;4000;155344592592,59
abracadabra;224;6;30;4000;155344592592,59
abracadabra;256;6;1;4000;167772160000,00
abracadabra;256;6;2;4000;155344592592,59
abracadabra;256;6;3;4000;167772160000,00
abracadabra;256;6;4;4000;155344592592,59
abracadabra;256;6;5;4000;161319384615,38
abracadabra;256;6;6;4000;161319384615,38
abracadabra;256;6;7;4000;161319384615,38
abracadabra;256;6;8;4000;161319384615,38
abracadabra;256;6;9;4000;149796571428,57
abracadabra;256;6;10;4000;161319384615,38
abracadabra;256;6;11;4000;155344592592,59
abracadabra;256;6;12;4000;161319384615,38
abracadabra;256;6;13;4000;161319384615,38
abracadabra;256;6;14;4000;161319384615,38
abracadabra;256;6;15;4000;167772160000,00
abracadabra;256;6;16;4000;155344592592,59
abracadabra;256;6;17;4000;161319384615,38
abracadabra;256;6;18;4000;161319384615,38
abracadabra;256;6;19;4000;161319384615,38
abracadabra;256;6;20;4000;161319384615,38
abracadabra;256;6;21;4000;155344592592,59
abracadabra;256;6;22;4000;161319384615,38
abracadabra;256;6;23;4000;161319384615,38
abracadabra;256;6;24;4000;161319384615,38
abracadabra;256;6;25;4000;167772160000,00
abracadabra;256;6;26;4000;155344592592,59
abracadabra;256;6;27;4000;161319384615,38
abracadabra;256;6;28;4000;161319384615,38
abracadabra;256;6;29;4000;161319384615,38
abracadabra;256;6;30;4000;167772160000,00
abracadabra;288;5;1;4000;144631172413,79
abracadabra;288;5;2;4000;161319384615,38
abracadabra;288;5;3;4000;149796571428,57
abracadabra;288;5;4;4000;155344592592,59
abracadabra;288;5;5;4000;149796571428,57
abracadabra;288;5;6;4000;155344592592,59
abracadabra;288;5;7;4000;155344592592,59
abracadabra;288;5;8;4000;149796571428,57
abracadabra;288;5;9;4000;155344592592,59
abracadabra;288;5;10;4000;149796571428,57
abracadabra;288;5;11;4000;155344592592,59
abracadabra;288;5;12;4000;149796571428,57
abracadabra;288;5;13;4000;155344592592,59
abracadabra;288;5;14;4000;155344592592,59
abracadabra;288;5;15;4000;161319384615,38
abracadabra;288;5;16;4000;155344592592,59
abracadabra;288;5;17;4000;161319384615,38
abracadabra;288;5;18;4000;161319384615,38
abracadabra;288;5;19;4000;155344592592,59
abracadabra;288;5;20;4000;161319384615,38
abracadabra;288;5;21;4000;149796571428,57
abracadabra;288;5;22;4000;161319384615,38
abracadabra;288;5;23;4000;155344592592,59
abracadabra;288;5;24;4000;155344592592,59
abracadabra;288;5;25;4000;155344592592,59
abracadabra;288;5;26;4000;155344592592,59
abracadabra;288;5;27;4000;161319384615,38
abracadabra;288;5;28;4000;149796571428,57
abracadabra;288;5;29;4000;155344592592,59
abracadabra;288;5;30;4000;149796571428,57
unevenstring;32;24;1;4000;135300129032,26
unevenstring;32;24;2;4000;139810133333,33
unevenstring;32;24;3;4000;139810133333,33
unevenstring;32;24;4;4000;144631172413,79
unevenstring;32;24;5;4000;139810133333,33
unevenstring;32;24;6;4000;139810133333,33
unevenstring;32;24;7;4000;139810133333,33
unevenstring;32;24;8;4000;135300129032,26
unevenstring;32;24;9;4000;139810133333,33
unevenstring;32;24;10;4000;135300129032,26
unevenstring;32;24;11;4000;139810133333,33
unevenstring;32;24;12;4000;139810133333,33
unevenstring;32;24;13;4000;135300129032,26
unevenstring;32;24;14;4000;139810133333,33
unevenstring;32;24;15;4000;135300129032,26
unevenstring;32;24;16;4000;139810133333,33
unevenstring;32;24;17;4000;139810133333,33
unevenstring;32;24;18;4000;139810133333,33
unevenstring;32;24;19;4000;139810133333,33
unevenstring;32;24;20;4000;139810133333,33
unevenstring;32;24;21;4000;139810133333,33
unevenstring;32;24;22;4000;139810133333,33
unevenstring;32;24;23;4000;139810133333,33
unevenstring;32;24;24;4000;139810133333,33
unevenstring;32;24;25;4000;139810133333,33
unevenstring;32;24;26;4000;135300129032,26
unevenstring;32;24;27;4000;139810133333,33
unevenstring;32;24;28;4000;135300129032,26
unevenstring;32;24;29;4000;139810133333,33
unevenstring;32;24;30;4000;135300129032,26
unevenstring;64;24;1;4000;174762666666,67
unevenstring;64;24;2;4000;161319384615,38
unevenstring;64;24;3;4000;174762666666,67
unevenstring;64;24;4;4000;174762666666,67
unevenstring;64;24;5;4000;161319384615,38
unevenstring;64;24;6;4000;174762666666,67
unevenstring;64;24;7;4000;174762666666,67
unevenstring;64;24;8;4000;161319384615,38
unevenstring;64;24;9;4000;174762666666,67
unevenstring;64;24;10;4000;174762666666,67
unevenstring;64;24;11;4000;161319384615,38
unevenstring;64;24;12;4000;174762666666,67
unevenstring;64;24;13;4000;174762666666,67
unevenstring;64;24;14;4000;167772160000,00
unevenstring;64;24;15;4000;174762666666,67
unevenstring;64;24;16;4000;182361043478,26
unevenstring;64;24;17;4000;155344592592,59
unevenstring;64;24;18;4000;167772160000,00
unevenstring;64;24;19;4000;174762666666,67
unevenstring;64;24;20;4000;161319384615,38
unevenstring;64;24;21;4000;174762666666,67
unevenstring;64;24;22;4000;174762666666,67
unevenstring;64;24;23;4000;161319384615,38
unevenstring;64;24;24;4000;174762666666,67
unevenstring;64;24;25;4000;182361043478,26
unevenstring;64;24;26;4000;167772160000,00
unevenstring;64;24;27;4000;174762666666,67
unevenstring;64;24;28;4000;174762666666,67
unevenstring;64;24;29;4000;167772160000,00
unevenstring;64;24;30;4000;174762666666,67
unevenstring;96;16;1;4000;182361043478,26
unevenstring;96;16;2;4000;174762666666,67
unevenstring;96;16;3;4000;167772160000,00
unevenstring;96;16;4;4000;174762666666,67
unevenstring;96;16;5;4000;182361043478,26
unevenstring;96;16;6;4000;161319384615,38
unevenstring;96;16;7;4000;174762666666,67
unevenstring;96;16;8;4000;174762666666,67
unevenstring;96;16;9;4000;161319384615,38
unevenstring;96;16;10;4000;174762666666,67
unevenstring;96;16;11;4000;174762666666,67
unevenstring;96;16;12;4000;161319384615,38
unevenstring;96;16;13;4000;174762666666,67
unevenstring;96;16;14;4000;174762666666,67
unevenstring;96;16;15;4000;161319384615,38
unevenstring;96;16;16;4000;167772160000,00
unevenstring;96;16;17;4000;174762666666,67
unevenstring;96;16;18;4000;167772160000,00
unevenstring;96;16;19;4000;167772160000,00
unevenstring;96;16;20;4000;174762666666,67
unevenstring;96;16;21;4000;174762666666,67
unevenstring;96;16;22;4000;155344592592,59
unevenstring;96;16;23;4000;167772160000,00
unevenstring;96;16;24;4000;174762666666,67
unevenstring;96;16;25;4000;161319384615,38
unevenstring;96;16;26;4000;167772160000,00
unevenstring;96;16;27;4000;174762666666,67
unevenstring;96;16;28;4000;161319384615,38
unevenstring;96;16;29;4000;174762666666,67
unevenstring;96;16;30;4000;174762666666,67
unevenstring;128;12;1;4000;167772160000,00
unevenstring;128;12;2;4000;174762666666,67
unevenstring;128;12;3;4000;174762666666,67
unevenstring;128;12;4;4000;174762666666,67
unevenstring;128;12;5;4000;161319384615,38
unevenstring;128;12;6;4000;174762666666,67
unevenstring;128;12;7;4000;182361043478,26
unevenstring;128;12;8;4000;161319384615,38
unevenstring;128;12;9;4000;174762666666,67
unevenstring;128;12;10;4000;174762666666,67
unevenstring;128;12;11;4000;167772160000,00
unevenstring;128;12;12;4000;174762666666,67
unevenstring;128;12;13;4000;174762666666,67
unevenstring;128;12;14;4000;167772160000,00
unevenstring;128;12;15;4000;167772160000,00
unevenstring;128;12;16;4000;174762666666,67
unevenstring;128;12;17;4000;167772160000,00
unevenstring;128;12;18;4000;174762666666,67
unevenstring;128;12;19;4000;174762666666,67
unevenstring;128;12;20;4000;174762666666,67
unevenstring;128;12;21;4000;161319384615,38
unevenstring;128;12;22;4000;174762666666,67
unevenstring;128;12;23;4000;182361043478,26
unevenstring;128;12;24;4000;161319384615,38
unevenstring;128;12;25;4000;167772160000,00
unevenstring;128;12;26;4000;174762666666,67
unevenstring;128;12;27;4000;161319384615,38
unevenstring;128;12;28;4000;167772160000,00
unevenstring;128;12;29;4000;174762666666,67
unevenstring;128;12;30;4000;161319384615,38
unevenstring;160;9;1;4000;167772160000,00
unevenstring;160;9;2;4000;174762666666,67
unevenstring;160;9;3;4000;155344592592,59
unevenstring;160;9;4;4000;167772160000,00
unevenstring;160;9;5;4000;167772160000,00
unevenstring;160;9;6;4000;167772160000,00
unevenstring;160;9;7;4000;174762666666,67
unevenstring;160;9;8;4000;174762666666,67
unevenstring;160;9;9;4000;161319384615,38
unevenstring;160;9;10;4000;167772160000,00
unevenstring;160;9;11;4000;174762666666,67
unevenstring;160;9;12;4000;161319384615,38
unevenstring;160;9;13;4000;174762666666,67
unevenstring;160;9;14;4000;167772160000,00
unevenstring;160;9;15;4000;161319384615,38
unevenstring;160;9;16;4000;167772160000,00
unevenstring;160;9;17;4000;167772160000,00
unevenstring;160;9;18;4000;161319384615,38
unevenstring;160;9;19;4000;174762666666,67
unevenstring;160;9;20;4000;167772160000,00
unevenstring;160;9;21;4000;167772160000,00
unevenstring;160;9;22;4000;174762666666,67
unevenstring;160;9;23;4000;167772160000,00
unevenstring;160;9;24;4000;167772160000,00
unevenstring;160;9;25;4000;174762666666,67
unevenstring;160;9;26;4000;167772160000,00
unevenstring;160;9;27;4000;167772160000,00
unevenstring;160;9;28;4000;167772160000,00
unevenstring;160;9;29;4000;167772160000,00
unevenstring;160;9;30;4000;167772160000,00
unevenstring;192;8;1;4000;174762666666,67
unevenstring;192;8;2;4000;167772160000,00
unevenstring;192;8;3;4000;167772160000,00
unevenstring;192;8;4;4000;174762666666,67
unevenstring;192;8;5;4000;167772160000,00
unevenstring;192;8;6;4000;167772160000,00
unevenstring;192;8;7;4000;174762666666,67
unevenstring;192;8;8;4000;174762666666,67
unevenstring;192;8;9;4000;161319384615,38
unevenstring;192;8;10;4000;167772160000,00
unevenstring;192;8;11;4000;174762666666,67
unevenstring;192;8;12;4000;161319384615,38
unevenstring;192;8;13;4000;174762666666,67
unevenstring;192;8;14;4000;174762666666,67
unevenstring;192;8;15;4000;167772160000,00
unevenstring;192;8;16;4000;174762666666,67
unevenstring;192;8;17;4000;174762666666,67
unevenstring;192;8;18;4000;174762666666,67
unevenstring;192;8;19;4000;167772160000,00
unevenstring;192;8;20;4000;174762666666,67
unevenstring;192;8;21;4000;174762666666,67
unevenstring;192;8;22;4000;161319384615,38
unevenstring;192;8;23;4000;167772160000,00
unevenstring;192;8;24;4000;174762666666,67
unevenstring;192;8;25;4000;167772160000,00
unevenstring;192;8;26;4000;174762666666,67
unevenstring;192;8;27;4000;174762666666,67
unevenstring;192;8;28;4000;174762666666,67
unevenstring;192;8;29;4000;174762666666,67
unevenstring;192;8;30;4000;174762666666,67
unevenstring;224;6;1;4000;167772160000,00
unevenstring;224;6;2;4000;161319384615,38
unevenstring;224;6;3;4000;167772160000,00
unevenstring;224;6;4;4000;167772160000,00
unevenstring;224;6;5;4000;167772160000,00
unevenstring;224;6;6;4000;167772160000,00
unevenstring;224;6;7;4000;161319384615,38
unevenstring;224;6;8;4000;167772160000,00
unevenstring;224;6;9;4000;167772160000,00
unevenstring;224;6;10;4000;161319384615,38
unevenstring;224;6;11;4000;167772160000,00
unevenstring;224;6;12;4000;167772160000,00
unevenstring;224;6;13;4000;161319384615,38
unevenstring;224;6;14;4000;167772160000,00
unevenstring;224;6;15;4000;167772160000,00
unevenstring;224;6;16;4000;161319384615,38
unevenstring;224;6;17;4000;167772160000,00
unevenstring;224;6;18;4000;174762666666,67
unevenstring;224;6;19;4000;161319384615,38
unevenstring;224;6;20;4000;167772160000,00
unevenstring;224;6;21;4000;167772160000,00
unevenstring;224;6;22;4000;161319384615,38
unevenstring;224;6;23;4000;167772160000,00
unevenstring;224;6;24;4000;167772160000,00
unevenstring;224;6;25;4000;161319384615,38
unevenstring;224;6;26;4000;167772160000,00
unevenstring;224;6;27;4000;167772160000,00
unevenstring;224;6;28;4000;167772160000,00
unevenstring;224;6;29;4000;167772160000,00
unevenstring;224;6;30;4000;167772160000,00
unevenstring;256;6;1;4000;174762666666,67
unevenstring;256;6;2;4000;182361043478,26
unevenstring;256;6;3;4000;174762666666,67
unevenstring;256;6;4;4000;174762666666,67
unevenstring;256;6;5;4000;174762666666,67
unevenstring;256;6;6;4000;161319384615,38
unevenstring;256;6;7;4000;167772160000,00
unevenstring;256;6;8;4000;174762666666,67
unevenstring;256;6;9;4000;174762666666,67
unevenstring;256;6;10;4000;167772160000,00
unevenstring;256;6;11;4000;174762666666,67
unevenstring;256;6;12;4000;182361043478,26
unevenstring;256;6;13;4000;167772160000,00
unevenstring;256;6;14;4000;174762666666,67
unevenstring;256;6;15;4000;174762666666,67
unevenstring;256;6;16;4000;167772160000,00
unevenstring;256;6;17;4000;174762666666,67
unevenstring;256;6;18;4000;174762666666,67
unevenstring;256;6;19;4000;174762666666,67
unevenstring;256;6;20;4000;161319384615,38
unevenstring;256;6;21;4000;174762666666,67
unevenstring;256;6;22;4000;174762666666,67
unevenstring;256;6;23;4000;161319384615,38
unevenstring;256;6;24;4000;167772160000,00
unevenstring;256;6;25;4000;174762666666,67
unevenstring;256;6;26;4000;161319384615,38
unevenstring;256;6;27;4000;174762666666,67
unevenstring;256;6;28;4000;182361043478,26
unevenstring;256;6;29;4000;167772160000,00
unevenstring;256;6;30;4000;174762666666,67
unevenstring;288;5;1;4000;167772160000,00
unevenstring;288;5;2;4000;161319384615,38
unevenstring;288;5;3;4000;167772160000,00
unevenstring;288;5;4;4000;174762666666,67
unevenstring;288;5;5;4000;161319384615,38
unevenstring;288;5;6;4000;167772160000,00
unevenstring;288;5;7;4000;174762666666,67
unevenstring;288;5;8;4000;161319384615,38
unevenstring;288;5;9;4000;167772160000,00
unevenstring;288;5;10;4000;174762666666,67
unevenstring;288;5;11;4000;155344592592,59
unevenstring;288;5;12;4000;167772160000,00
unevenstring;288;5;13;4000;174762666666,67
unevenstring;288;5;14;4000;161319384615,38
unevenstring;288;5;15;4000;167772160000,00
unevenstring;288;5;16;4000;174762666666,67
unevenstring;288;5;17;4000;155344592592,59
unevenstring;288;5;18;4000;167772160000,00
unevenstring;288;5;19;4000;167772160000,00
unevenstring;288;5;20;4000;167772160000,00
unevenstring;288;5;21;4000;174762666666,67
unevenstring;288;5;22;4000;167772160000,00
unevenstring;288;5;23;4000;167772160000,00
unevenstring;288;5;24;4000;174762666666,67
unevenstring;288;5;25;4000;167772160000,00
unevenstring;288;5;26;4000;167772160000,00
unevenstring;288;5;27;4000;167772160000,00
unevenstring;288;5;28;4000;167772160000,00
unevenstring;288;5;29;4000;167772160000,00
unevenstring;288;5;30;4000;167772160000,00
------------;32;24;1;4000;190650181818,18
------------;32;24;2;4000;199728761904,76
------------;32;24;3;4000;199728761904,76
------------;32;24;4;4000;199728761904,76
------------;32;24;5;4000;199728761904,76
------------;32;24;6;4000;199728761904,76
------------;32;24;7;4000;190650181818,18
------------;32;24;8;4000;190650181818,18
------------;32;24;9;4000;199728761904,76
------------;32;24;10;4000;199728761904,76
------------;32;24;11;4000;199728761904,76
------------;32;24;12;4000;199728761904,76
------------;32;24;13;4000;190650181818,18
------------;32;24;14;4000;199728761904,76
------------;32;24;15;4000;199728761904,76
------------;32;24;16;4000;199728761904,76
------------;32;24;17;4000;199728761904,76
------------;32;24;18;4000;199728761904,76
------------;32;24;19;4000;199728761904,76
------------;32;24;20;4000;190650181818,18
------------;32;24;21;4000;199728761904,76
------------;32;24;22;4000;199728761904,76
------------;32;24;23;4000;199728761904,76
------------;32;24;24;4000;199728761904,76
------------;32;24;25;4000;199728761904,76
------------;32;24;26;4000;190650181818,18
------------;32;24;27;4000;199728761904,76
------------;32;24;28;4000;199728761904,76
------------;32;24;29;4000;199728761904,76
------------;32;24;30;4000;199728761904,76
------------;64;24;1;4000;246723764705,88
------------;64;24;2;4000;246723764705,88
------------;64;24;3;4000;233016888888,89
------------;64;24;4;4000;233016888888,89
------------;64;24;5;4000;246723764705,88
------------;64;24;6;4000;246723764705,88
------------;64;24;7;4000;233016888888,89
------------;64;24;8;4000;246723764705,88
------------;64;24;9;4000;246723764705,88
------------;64;24;10;4000;233016888888,89
------------;64;24;11;4000;233016888888,89
------------;64;24;12;4000;233016888888,89
------------;64;24;13;4000;233016888888,89
------------;64;24;14;4000;233016888888,89
------------;64;24;15;4000;233016888888,89
------------;64;24;16;4000;233016888888,89
------------;64;24;17;4000;233016888888,89
------------;64;24;18;4000;233016888888,89
------------;64;24;19;4000;233016888888,89
------------;64;24;20;4000;233016888888,89
------------;64;24;21;4000;233016888888,89
------------;64;24;22;4000;233016888888,89
------------;64;24;23;4000;233016888888,89
------------;64;24;24;4000;233016888888,89
------------;64;24;25;4000;233016888888,89
------------;64;24;26;4000;220752842105,26
------------;64;24;27;4000;233016888888,89
------------;64;24;28;4000;233016888888,89
------------;64;24;29;4000;233016888888,89
------------;64;24;30;4000;233016888888,89
------------;96;16;1;4000;233016888888,89
------------;96;16;2;4000;246723764705,88
------------;96;16;3;4000;233016888888,89
------------;96;16;4;4000;233016888888,89
------------;96;16;5;4000;233016888888,89
------------;96;16;6;4000;233016888888,89
------------;96;16;7;4000;233016888888,89
------------;96;16;8;4000;233016888888,89
------------;96;16;9;4000;233016888888,89
------------;96;16;10;4000;233016888888,89
------------;96;16;11;4000;233016888888,89
------------;96;16;12;4000;233016888888,89
------------;96;16;13;4000;233016888888,89
------------;96;16;14;4000;233016888888,89
------------;96;16;15;4000;220752842105,26
------------;96;16;16;4000;220752842105,26
------------;96;16;17;4000;220752842105,26
------------;96;16;18;4000;220752842105,26
------------;96;16;19;4000;233016888888,89
------------;96;16;20;4000;233016888888,89
------------;96;16;21;4000;233016888888,89
------------;96;16;22;4000;233016888888,89
------------;96;16;23;4000;233016888888,89
------------;96;16;24;4000;233016888888,89
------------;96;16;25;4000;233016888888,89
------------;96;16;26;4000;233016888888,89
------------;96;16;27;4000;233016888888,89
------------;96;16;28;4000;233016888888,89
------------;96;16;29;4000;233016888888,89
------------;96;16;30;4000;233016888888,89
------------;128;12;1;4000;233016888888,89
------------;128;12;2;4000;233016888888,89
------------;128;12;3;4000;233016888888,89
------------;128;12;4;4000;233016888888,89
------------;128;12;5;4000;233016888888,89
------------;128;12;6;4000;233016888888,89
------------;128;12;7;4000;233016888888,89
------------;128;12;8;4000;233016888888,89
------------;128;12;9;4000;233016888888,89
------------;128;12;10;4000;233016888888,89
------------;128;12;11;4000;233016888888,89
------------;128;12;12;4000;233016888888,89
------------;128;12;13;4000;233016888888,89
------------;128;12;14;4000;233016888888,89
------------;128;12;15;4000;233016888888,89
------------;128;12;16;4000;233016888888,89
------------;128;12;17;4000;246723764705,88
------------;128;12;18;4000;233016888888,89
------------;128;12;19;4000;233016888888,89
------------;128;12;20;4000;233016888888,89
------------;128;12;21;4000;233016888888,89
------------;128;12;22;4000;233016888888,89
------------;128;12;23;4000;233016888888,89
------------;128;12;24;4000;233016888888,89
------------;128;12;25;4000;233016888888,89
------------;128;12;26;4000;233016888888,89
------------;128;12;27;4000;233016888888,89
------------;128;12;28;4000;233016888888,89
------------;128;12;29;4000;233016888888,89
------------;128;12;30;4000;233016888888,89
------------;160;9;1;4000;220752842105,26
------------;160;9;2;4000;220752842105,26
------------;160;9;3;4000;233016888888,89
------------;160;9;4;4000;233016888888,89
------------;160;9;5;4000;233016888888,89
------------;160;9;6;4000;233016888888,89
------------;160;9;7;4000;233016888888,89
------------;160;9;8;4000;233016888888,89
------------;160;9;9;4000;233016888888,89
------------;160;9;10;4000;233016888888,89
------------;160;9;11;4000;233016888888,89
------------;160;9;12;4000;233016888888,89
------------;160;9;13;4000;220752842105,26
------------;160;9;14;4000;220752842105,26
------------;160;9;15;4000;233016888888,89
------------;160;9;16;4000;233016888888,89
------------;160;9;17;4000;233016888888,89
------------;160;9;18;4000;233016888888,89
------------;160;9;19;4000;233016888888,89
------------;160;9;20;4000;233016888888,89
------------;160;9;21;4000;233016888888,89
------------;160;9;22;4000;233016888888,89
------------;160;9;23;4000;233016888888,89
------------;160;9;24;4000;233016888888,89
------------;160;9;25;4000;233016888888,89
------------;160;9;26;4000;233016888888,89
------------;160;9;27;4000;220752842105,26
------------;160;9;28;4000;220752842105,26
------------;160;9;29;4000;233016888888,89
------------;160;9;30;4000;220752842105,26
------------;192;8;1;4000;246723764705,88
------------;192;8;2;4000;233016888888,89
------------;192;8;3;4000;233016888888,89
------------;192;8;4;4000;233016888888,89
------------;192;8;5;4000;233016888888,89
------------;192;8;6;4000;233016888888,89
------------;192;8;7;4000;233016888888,89
------------;192;8;8;4000;233016888888,89
------------;192;8;9;4000;233016888888,89
------------;192;8;10;4000;233016888888,89
------------;192;8;11;4000;233016888888,89
------------;192;8;12;4000;233016888888,89
------------;192;8;13;4000;233016888888,89
------------;192;8;14;4000;233016888888,89
------------;192;8;15;4000;233016888888,89
------------;192;8;16;4000;233016888888,89
------------;192;8;17;4000;233016888888,89
------------;192;8;18;4000;233016888888,89
------------;192;8;19;4000;233016888888,89
------------;192;8;20;4000;233016888888,89
------------;192;8;21;4000;233016888888,89
------------;192;8;22;4000;233016888888,89
------------;192;8;23;4000;233016888888,89
------------;192;8;24;4000;233016888888,89
------------;192;8;25;4000;233016888888,89
------------;192;8;26;4000;233016888888,89
------------;192;8;27;4000;233016888888,89
------------;192;8;28;4000;233016888888,89
------------;192;8;29;4000;233016888888,89
------------;192;8;30;4000;233016888888,89
------------;224;6;1;4000;220752842105,26
------------;224;6;2;4000;220752842105,26
------------;224;6;3;4000;220752842105,26
------------;224;6;4;4000;220752842105,26
------------;224;6;5;4000;233016888888,89
------------;224;6;6;4000;233016888888,89
------------;224;6;7;4000;220752842105,26
------------;224;6;8;4000;233016888888,89
------------;224;6;9;4000;233016888888,89
------------;224;6;10;4000;233016888888,89
------------;224;6;11;4000;220752842105,26
------------;224;6;12;4000;233016888888,89
------------;224;6;13;4000;233016888888,89
------------;224;6;14;4000;220752842105,26
------------;224;6;15;4000;220752842105,26
------------;224;6;16;4000;233016888888,89
------------;224;6;17;4000;233016888888,89
------------;224;6;18;4000;220752842105,26
------------;224;6;19;4000;233016888888,89
------------;224;6;20;4000;233016888888,89
------------;224;6;21;4000;220752842105,26
------------;224;6;22;4000;220752842105,26
------------;224;6;23;4000;220752842105,26
------------;224;6;24;4000;220752842105,26
------------;224;6;25;4000;233016888888,89
------------;224;6;26;4000;220752842105,26
------------;224;6;27;4000;220752842105,26
------------;224;6;28;4000;220752842105,26
------------;224;6;29;4000;220752842105,26
------------;224;6;30;4000;233016888888,89
------------;256;6;1;4000;246723764705,88
------------;256;6;2;4000;233016888888,89
------------;256;6;3;4000;233016888888,89
------------;256;6;4;4000;233016888888,89
------------;256;6;5;4000;233016888888,89
------------;256;6;6;4000;233016888888,89
------------;256;6;7;4000;233016888888,89
------------;256;6;8;4000;233016888888,89
------------;256;6;9;4000;233016888888,89
------------;256;6;10;4000;233016888888,89
------------;256;6;11;4000;233016888888,89
------------;256;6;12;4000;233016888888,89
------------;256;6;13;4000;233016888888,89
------------;256;6;14;4000;233016888888,89
------------;256;6;15;4000;233016888888,89
------------;256;6;16;4000;233016888888,89
------------;256;6;17;4000;233016888888,89
------------;256;6;18;4000;233016888888,89
------------;256;6;19;4000;233016888888,89
------------;256;6;20;4000;233016888888,89
------------;256;6;21;4000;233016888888,89
------------;256;6;22;4000;233016888888,89
------------;256;6;23;4000;233016888888,89
------------;256;6;24;4000;233016888888,89
------------;256;6;25;4000;233016888888,89
------------;256;6;26;4000;233016888888,89
------------;256;6;27;4000;233016888888,89
------------;256;6;28;4000;233016888888,89
------------;256;6;29;4000;233016888888,89
------------;256;6;30;4000;233016888888,89
------------;288;5;1;4000;220752842105,26
------------;288;5;2;4000;233016888888,89
------------;288;5;3;4000;233016888888,89
------------;288;5;4;4000;233016888888,89
------------;288;5;5;4000;233016888888,89
------------;288;5;6;4000;233016888888,89
------------;288;5;7;4000;233016888888,89
------------;288;5;8;4000;233016888888,89
------------;288;5;9;4000;233016888888,89
------------;288;5;10;4000;233016888888,89
------------;288;5;11;4000;220752842105,26
------------;288;5;12;4000;220752842105,26
------------;288;5;13;4000;233016888888,89
------------;288;5;14;4000;220752842105,26
------------;288;5;15;4000;220752842105,26
------------;288;5;16;4000;220752842105,26
------------;288;5;17;4000;220752842105,26
------------;288;5;18;4000;233016888888,89
------------;288;5;19;4000;220752842105,26
------------;288;5;20;4000;233016888888,89
------------;288;5;21;4000;233016888888,89
------------;288;5;22;4000;233016888888,89
------------;288;5;23;4000;220752842105,26
------------;288;5;24;4000;220752842105,26
------------;288;5;25;4000;220752842105,26
------------;288;5;26;4000;220752842105,26
------------;288;5;27;4000;220752842105,26
------------;288;5;28;4000;220752842105,26
------------;288;5;29;4000;220752842105,26
------------;288;5;30;4000;220752842105,26
abracadabra;32;24;1;6000;118706716981,13
abracadabra;32;24;2;6000;125829120000,00
abracadabra;32;24;3;6000;125829120000,00
abracadabra;32;24;4;6000;125829120000,00
abracadabra;32;24;5;6000;125829120000,00
abracadabra;32;24;6;6000;123361882352,94
abracadabra;32;24;7;6000;125829120000,00
abracadabra;32;24;8;6000;125829120000,00
abracadabra;32;24;9;6000;125829120000,00
abracadabra;32;24;10;6000;125829120000,00
abracadabra;32;24;11;6000;125829120000,00
abracadabra;32;24;12;6000;125829120000,00
abracadabra;32;24;13;6000;125829120000,00
abracadabra;32;24;14;6000;125829120000,00
abracadabra;32;24;15;6000;125829120000,00
abracadabra;32;24;16;6000;125829120000,00
abracadabra;32;24;17;6000;123361882352,94
abracadabra;32;24;18;6000;123361882352,94
abracadabra;32;24;19;6000;123361882352,94
abracadabra;32;24;20;6000;123361882352,94
abracadabra;32;24;21;6000;125829120000,00
abracadabra;32;24;22;6000;125829120000,00
abracadabra;32;24;23;6000;125829120000,00
abracadabra;32;24;24;6000;125829120000,00
abracadabra;32;24;25;6000;125829120000,00
abracadabra;32;24;26;6000;125829120000,00
abracadabra;32;24;27;6000;125829120000,00
abracadabra;32;24;28;6000;125829120000,00
abracadabra;32;24;29;6000;125829120000,00
abracadabra;32;24;30;6000;125829120000,00
abracadabra;64;24;1;6000;157286400000,00
abracadabra;64;24;2;6000;142987636363,64
abracadabra;64;24;3;6000;146312930232,56
abracadabra;64;24;4;6000;153450146341,46
abracadabra;64;24;5;6000;153450146341,46
abracadabra;64;24;6;6000;153450146341,46
abracadabra;64;24;7;6000;153450146341,46
abracadabra;64;24;8;6000;157286400000,00
abracadabra;64;24;9;6000;157286400000,00
abracadabra;64;24;10;6000;153450146341,46
abracadabra;64;24;11;6000;153450146341,46
abracadabra;64;24;12;6000;153450146341,46
abracadabra;64;24;13;6000;153450146341,46
abracadabra;64;24;14;6000;153450146341,46
abracadabra;64;24;15;6000;153450146341,46
abracadabra;64;24;16;6000;157286400000,00
abracadabra;64;24;17;6000;161319384615,38
abracadabra;64;24;18;6000;157286400000,00
abracadabra;64;24;19;6000;153450146341,46
abracadabra;64;24;20;6000;153450146341,46
abracadabra;64;24;21;6000;153450146341,46
abracadabra;64;24;22;6000;153450146341,46
abracadabra;64;24;23;6000;149796571428,57
abracadabra;64;24;24;6000;153450146341,46
abracadabra;64;24;25;6000;157286400000,00
abracadabra;64;24;26;6000;149796571428,57
abracadabra;64;24;27;6000;149796571428,57
abracadabra;64;24;28;6000;149796571428,57
abracadabra;64;24;29;6000;153450146341,46
abracadabra;64;24;30;6000;157286400000,00
abracadabra;96;16;1;6000;161319384615,38
abracadabra;96;16;2;6000;153450146341,46
abracadabra;96;16;3;6000;157286400000,00
abracadabra;96;16;4;6000;153450146341,46
abracadabra;96;16;5;6000;157286400000,00
abracadabra;96;16;6;6000;153450146341,46
abracadabra;96;16;7;6000;157286400000,00
abracadabra;96;16;8;6000;161319384615,38
abracadabra;96;16;9;6000;161319384615,38
abracadabra;96;16;10;6000;157286400000,00
abracadabra;96;16;11;6000;157286400000,00
abracadabra;96;16;12;6000;153450146341,46
abracadabra;96;16;13;6000;157286400000,00
abracadabra;96;16;14;6000;157286400000,00
abracadabra;96;16;15;6000;157286400000,00
abracadabra;96;16;16;6000;157286400000,00
abracadabra;96;16;17;6000;157286400000,00
abracadabra;96;16;18;6000;153450146341,46
abracadabra;96;16;19;6000;153450146341,46
abracadabra;96;16;20;6000;153450146341,46
abracadabra;96;16;21;6000;153450146341,46
abracadabra;96;16;22;6000;153450146341,46
abracadabra;96;16;23;6000;153450146341,46
abracadabra;96;16;24;6000;157286400000,00
abracadabra;96;16;25;6000;161319384615,38
abracadabra;96;16;26;6000;157286400000,00
abracadabra;96;16;27;6000;153450146341,46
abracadabra;96;16;28;6000;153450146341,46
abracadabra;96;16;29;6000;153450146341,46
abracadabra;96;16;30;6000;157286400000,00
abracadabra;128;12;1;6000;157286400000,00
abracadabra;128;12;2;6000;157286400000,00
abracadabra;128;12;3;6000;161319384615,38
abracadabra;128;12;4;6000;157286400000,00
abracadabra;128;12;5;6000;157286400000,00
abracadabra;128;12;6;6000;157286400000,00
abracadabra;128;12;7;6000;157286400000,00
abracadabra;128;12;8;6000;157286400000,00
abracadabra;128;12;9;6000;153450146341,46
abracadabra;128;12;10;6000;157286400000,00
abracadabra;128;12;11;6000;157286400000,00
abracadabra;128;12;12;6000;153450146341,46
abracadabra;128;12;13;6000;153450146341,46
abracadabra;128;12;14;6000;153450146341,46
abracadabra;128;12;15;6000;153450146341,46
abracadabra;128;12;16;6000;153450146341,46
abracadabra;128;12;17;6000;153450146341,46
abracadabra;128;12;18;6000;153450146341,46
abracadabra;128;12;19;6000;157286400000,00
abracadabra;128;12;20;6000;153450146341,46
abracadabra;128;12;21;6000;153450146341,46
abracadabra;128;12;22;6000;153450146341,46
abracadabra;128;12;23;6000;153450146341,46
abracadabra;128;12;24;6000;153450146341,46
abracadabra;128;12;25;6000;157286400000,00
abracadabra;128;12;26;6000;157286400000,00
abracadabra;128;12;27;6000;157286400000,00
abracadabra;128;12;28;6000;157286400000,00
abracadabra;128;12;29;6000;157286400000,00
abracadabra;128;12;30;6000;153450146341,46
abracadabra;160;9;1;6000;149796571428,57
abracadabra;160;9;2;6000;149796571428,57
abracadabra;160;9;3;6000;153450146341,46
abracadabra;160;9;4;6000;153450146341,46
abracadabra;160;9;5;6000;149796571428,57
abracadabra;160;9;6;6000;149796571428,57
abracadabra;160;9;7;6000;149796571428,57
abracadabra;160;9;8;6000;149796571428,57
abracadabra;160;9;9;6000;149796571428,57
abracadabra;160;9;10;6000;149796571428,57
abracadabra;160;9;11;6000;153450146341,46
abracadabra;160;9;12;6000;149796571428,57
abracadabra;160;9;13;6000;149796571428,57
abracadabra;160;9;14;6000;149796571428,57
abracadabra;160;9;15;6000;149796571428,57
abracadabra;160;9;16;6000;153450146341,46
abracadabra;160;9;17;6000;149796571428,57
abracadabra;160;9;18;6000;149796571428,57
abracadabra;160;9;19;6000;149796571428,57
abracadabra;160;9;20;6000;149796571428,57
abracadabra;160;9;21;6000;149796571428,57
abracadabra;160;9;22;6000;149796571428,57
abracadabra;160;9;23;6000;149796571428,57
abracadabra;160;9;24;6000;149796571428,57
abracadabra;160;9;25;6000;153450146341,46
abracadabra;160;9;26;6000;153450146341,46
abracadabra;160;9;27;6000;153450146341,46
abracadabra;160;9;28;6000;153450146341,46
abracadabra;160;9;29;6000;149796571428,57
abracadabra;160;9;30;6000;149796571428,57
abracadabra;192;8;1;6000;153450146341,46
abracadabra;192;8;2;6000;157286400000,00
abracadabra;192;8;3;6000;153450146341,46
abracadabra;192;8;4;6000;157286400000,00
abracadabra;192;8;5;6000;157286400000,00
abracadabra;192;8;6;6000;157286400000,00
abracadabra;192;8;7;6000;157286400000,00
abracadabra;192;8;8;6000;157286400000,00
abracadabra;192;8;9;6000;153450146341,46
abracadabra;192;8;10;6000;153450146341,46
abracadabra;192;8;11;6000;153450146341,46
abracadabra;192;8;12;6000;157286400000,00
abracadabra;192;8;13;6000;157286400000,00
abracadabra;192;8;14;6000;153450146341,46
abracadabra;192;8;15;6000;149796571428,57
abracadabra;192;8;16;6000;153450146341,46
abracadabra;192;8;17;6000;153450146341,46
abracadabra;192;8;18;6000;157286400000,00
abracadabra;192;8;19;6000;153450146341,46
abracadabra;192;8;20;6000;157286400000,00
abracadabra;192;8;21;6000;161319384615,38
abracadabra;192;8;22;6000;153450146341,46
abracadabra;192;8;23;6000;157286400000,00
abracadabra;192;8;24;6000;153450146341,46
abracadabra;192;8;25;6000;153450146341,46
abracadabra;192;8;26;6000;153450146341,46
abracadabra;192;8;27;6000;157286400000,00
abracadabra;192;8;28;6000;157286400000,00
abracadabra;192;8;29;6000;157286400000,00
abracadabra;192;8;30;6000;157286400000,00
abracadabra;224;6;1;6000;149796571428,57
abracadabra;224;6;2;6000;149796571428,57
abracadabra;224;6;3;6000;149796571428,57
abracadabra;224;6;4;6000;149796571428,57
abracadabra;224;6;5;6000;149796571428,57
abracadabra;224;6;6;6000;153450146341,46
abracadabra;224;6;7;6000;149796571428,57
abracadabra;224;6;8;6000;149796571428,57
abracadabra;224;6;9;6000;149796571428,57
abracadabra;224;6;10;6000;149796571428,57
abracadabra;224;6;11;6000;153450146341,46
abracadabra;224;6;12;6000;149796571428,57
abracadabra;224;6;13;6000;149796571428,57
abracadabra;224;6;14;6000;149796571428,57
abracadabra;224;6;15;6000;153450146341,46
abracadabra;224;6;16;6000;149796571428,57
abracadabra;224;6;17;6000;149796571428,57
abracadabra;224;6;18;6000;149796571428,57
abracadabra;224;6;19;6000;149796571428,57
abracadabra;224;6;20;6000;149796571428,57
abracadabra;224;6;21;6000;149796571428,57
abracadabra;224;6;22;6000;149796571428,57
abracadabra;224;6;23;6000;153450146341,46
abracadabra;224;6;24;6000;149796571428,57
abracadabra;224;6;25;6000;149796571428,57
abracadabra;224;6;26;6000;149796571428,57
abracadabra;224;6;27;6000;149796571428,57
abracadabra;224;6;28;6000;149796571428,57
abracadabra;224;6;29;6000;153450146341,46
abracadabra;224;6;30;6000;149796571428,57
abracadabra;256;6;1;6000;157286400000,00
abracadabra;256;6;2;6000;153450146341,46
abracadabra;256;6;3;6000;153450146341,46
abracadabra;256;6;4;6000;153450146341,46
abracadabra;256;6;5;6000;157286400000,00
abracadabra;256;6;6;6000;157286400000,00
abracadabra;256;6;7;6000;157286400000,00
abracadabra;256;6;8;6000;157286400000,00
abracadabra;256;6;9;6000;153450146341,46
abracadabra;256;6;10;6000;157286400000,00
abracadabra;256;6;11;6000;157286400000,00
abracadabra;256;6;12;6000;157286400000,00
abracadabra;256;6;13;6000;149796571428,57
abracadabra;256;6;14;6000;157286400000,00
abracadabra;256;6;15;6000;161319384615,38
abracadabra;256;6;16;6000;157286400000,00
abracadabra;256;6;17;6000;157286400000,00
abracadabra;256;6;18;6000;153450146341,46
abracadabra;256;6;19;6000;157286400000,00
abracadabra;256;6;20;6000;157286400000,00
abracadabra;256;6;21;6000;153450146341,46
abracadabra;256;6;22;6000;153450146341,46
abracadabra;256;6;23;6000;153450146341,46
abracadabra;256;6;24;6000;157286400000,00
abracadabra;256;6;25;6000;157286400000,00
abracadabra;256;6;26;6000;157286400000,00
abracadabra;256;6;27;6000;153450146341,46
abracadabra;256;6;28;6000;153450146341,46
abracadabra;256;6;29;6000;153450146341,46
abracadabra;256;6;30;6000;157286400000,00
abracadabra;288;5;1;6000;149796571428,57
abracadabra;288;5;2;6000;149796571428,57
abracadabra;288;5;3;6000;149796571428,57
abracadabra;288;5;4;6000;149796571428,57
abracadabra;288;5;5;6000;149796571428,57
abracadabra;288;5;6;6000;153450146341,46
abracadabra;288;5;7;6000;149796571428,57
abracadabra;288;5;8;6000;149796571428,57
abracadabra;288;5;9;6000;149796571428,57
abracadabra;288;5;10;6000;153450146341,46
abracadabra;288;5;11;6000;149796571428,57
abracadabra;288;5;12;6000;149796571428,57
abracadabra;288;5;13;6000;149796571428,57
abracadabra;288;5;14;6000;153450146341,46
abracadabra;288;5;15;6000;149796571428,57
abracadabra;288;5;16;6000;133860765957,45
abracadabra;288;5;17;6000;157286400000,00
abracadabra;288;5;18;6000;153450146341,46
abracadabra;288;5;19;6000;153450146341,46
abracadabra;288;5;20;6000;153450146341,46
abracadabra;288;5;21;6000;149796571428,57
abracadabra;288;5;22;6000;149796571428,57
abracadabra;288;5;23;6000;153450146341,46
abracadabra;288;5;24;6000;149796571428,57
abracadabra;288;5;25;6000;153450146341,46
abracadabra;288;5;26;6000;153450146341,46
abracadabra;288;5;27;6000;153450146341,46
abracadabra;288;5;28;6000;149796571428,57
abracadabra;288;5;29;6000;149796571428,57
abracadabra;288;5;30;6000;153450146341,46
unevenstring;32;24;1;6000;139810133333,33
unevenstring;32;24;2;6000;139810133333,33
unevenstring;32;24;3;6000;139810133333,33
unevenstring;32;24;4;6000;139810133333,33
unevenstring;32;24;5;6000;136770782608,70
unevenstring;32;24;6;6000;136770782608,70
unevenstring;32;24;7;6000;136770782608,70
unevenstring;32;24;8;6000;136770782608,70
unevenstring;32;24;9;6000;136770782608,70
unevenstring;32;24;10;6000;136770782608,70
unevenstring;32;24;11;6000;133860765957,45
unevenstring;32;24;12;6000;136770782608,70
unevenstring;32;24;13;6000;136770782608,70
unevenstring;32;24;14;6000;136770782608,70
unevenstring;32;24;15;6000;136770782608,70
unevenstring;32;24;16;6000;136770782608,70
unevenstring;32;24;17;6000;136770782608,70
unevenstring;32;24;18;6000;136770782608,70
unevenstring;32;24;19;6000;133860765957,45
unevenstring;32;24;20;6000;133860765957,45
unevenstring;32;24;21;6000;136770782608,70
unevenstring;32;24;22;6000;136770782608,70
unevenstring;32;24;23;6000;136770782608,70
unevenstring;32;24;24;6000;136770782608,70
unevenstring;32;24;25;6000;136770782608,70
unevenstring;32;24;26;6000;136770782608,70
unevenstring;32;24;27;6000;136770782608,70
unevenstring;32;24;28;6000;136770782608,70
unevenstring;32;24;29;6000;136770782608,70
unevenstring;32;24;30;6000;136770782608,70
unevenstring;64;24;1;6000;174762666666,67
unevenstring;64;24;2;6000;161319384615,38
unevenstring;64;24;3;6000;161319384615,38
unevenstring;64;24;4;6000;165564631578,95
unevenstring;64;24;5;6000;165564631578,95
unevenstring;64;24;6;6000;170039351351,35
unevenstring;64;24;7;6000;165564631578,95
unevenstring;64;24;8;6000;165564631578,95
unevenstring;64;24;9;6000;165564631578,95
unevenstring;64;24;10;6000;165564631578,95
unevenstring;64;24;11;6000;165564631578,95
unevenstring;64;24;12;6000;165564631578,95
unevenstring;64;24;13;6000;165564631578,95
unevenstring;64;24;14;6000;165564631578,95
unevenstring;64;24;15;6000;165564631578,95
unevenstring;64;24;16;6000;170039351351,35
unevenstring;64;24;17;6000;165564631578,95
unevenstring;64;24;18;6000;165564631578,95
unevenstring;64;24;19;6000;170039351351,35
unevenstring;64;24;20;6000;165564631578,95
unevenstring;64;24;21;6000;165564631578,95
unevenstring;64;24;22;6000;165564631578,95
unevenstring;64;24;23;6000;170039351351,35
unevenstring;64;24;24;6000;165564631578,95
unevenstring;64;24;25;6000;165564631578,95
unevenstring;64;24;26;6000;165564631578,95
unevenstring;64;24;27;6000;165564631578,95
unevenstring;64;24;28;6000;165564631578,95
unevenstring;64;24;29;6000;165564631578,95
unevenstring;64;24;30;6000;165564631578,95
unevenstring;96;16;1;6000;165564631578,95
unevenstring;96;16;2;6000;165564631578,95
unevenstring;96;16;3;6000;170039351351,35
unevenstring;96;16;4;6000;165564631578,95
unevenstring;96;16;5;6000;165564631578,95
unevenstring;96;16;6;6000;165564631578,95
unevenstring;96;16;7;6000;170039351351,35
unevenstring;96;16;8;6000;165564631578,95
unevenstring;96;16;9;6000;170039351351,35
unevenstring;96;16;10;6000;170039351351,35
unevenstring;96;16;11;6000;170039351351,35
unevenstring;96;16;12;6000;165564631578,95
unevenstring;96;16;13;6000;165564631578,95
unevenstring;96;16;14;6000;165564631578,95
unevenstring;96;16;15;6000;165564631578,95
unevenstring;96;16;16;6000;161319384615,38
unevenstring;96;16;17;6000;165564631578,95
unevenstring;96;16;18;6000;165564631578,95
unevenstring;96;16;19;6000;170039351351,35
unevenstring;96;16;20;6000;170039351351,35
unevenstring;96;16;21;6000;170039351351,35
unevenstring;96;16;22;6000;170039351351,35
unevenstring;96;16;23;6000;170039351351,35
unevenstring;96;16;24;6000;165564631578,95
unevenstring;96;16;25;6000;165564631578,95
unevenstring;96;16;26;6000;165564631578,95
unevenstring;96;16;27;6000;165564631578,95
unevenstring;96;16;28;6000;165564631578,95
unevenstring;96;16;29;6000;165564631578,95
unevenstring;96;16;30;6000;165564631578,95
unevenstring;128;12;1;6000;170039351351,35
unevenstring;128;12;2;6000;170039351351,35
unevenstring;128;12;3;6000;170039351351,35
unevenstring;128;12;4;6000;170039351351,35
unevenstring;128;12;5;6000;170039351351,35
unevenstring;128;12;6;6000;170039351351,35
unevenstring;128;12;7;6000;170039351351,35
unevenstring;128;12;8;6000;170039351351,35
unevenstring;128;12;9;6000;170039351351,35
unevenstring;128;12;10;6000;170039351351,35
unevenstring;128;12;11;6000;170039351351,35
unevenstring;128;12;12;6000;170039351351,35
unevenstring;128;12;13;6000;170039351351,35
unevenstring;128;12;14;6000;165564631578,95
unevenstring;128;12;15;6000;165564631578,95
unevenstring;128;12;16;6000;165564631578,95
unevenstring;128;12;17;6000;165564631578,95
unevenstring;128;12;18;6000;161319384615,38
unevenstring;128;12;19;6000;161319384615,38
unevenstring;128;12;20;6000;161319384615,38
unevenstring;128;12;21;6000;165564631578,95
unevenstring;128;12;22;6000;165564631578,95
unevenstring;128;12;23;6000;165564631578,95
unevenstring;128;12;24;6000;165564631578,95
unevenstring;128;12;25;6000;165564631578,95
unevenstring;128;12;26;6000;165564631578,95
unevenstring;128;12;27;6000;165564631578,95
unevenstring;128;12;28;6000;165564631578,95
unevenstring;128;12;29;6000;170039351351,35
unevenstring;128;12;30;6000;170039351351,35
unevenstring;160;9;1;6000;165564631578,95
unevenstring;160;9;2;6000;165564631578,95
unevenstring;160;9;3;6000;165564631578,95
unevenstring;160;9;4;6000;165564631578,95
unevenstring;160;9;5;6000;165564631578,95
unevenstring;160;9;6;6000;165564631578,95
unevenstring;160;9;7;6000;161319384615,38
unevenstring;160;9;8;6000;161319384615,38
unevenstring;160;9;9;6000;161319384615,38
unevenstring;160;9;10;6000;161319384615,38
unevenstring;160;9;11;6000;161319384615,38
unevenstring;160;9;12;6000;161319384615,38
unevenstring;160;9;13;6000;161319384615,38
unevenstring;160;9;14;6000;161319384615,38
unevenstring;160;9;15;6000;161319384615,38
unevenstring;160;9;16;6000;161319384615,38
unevenstring;160;9;17;6000;161319384615,38
unevenstring;160;9;18;6000;161319384615,38
unevenstring;160;9;19;6000;161319384615,38
unevenstring;160;9;20;6000;165564631578,95
unevenstring;160;9;21;6000;170039351351,35
unevenstring;160;9;22;6000;170039351351,35
unevenstring;160;9;23;6000;165564631578,95
unevenstring;160;9;24;6000;165564631578,95
unevenstring;160;9;25;6000;165564631578,95
unevenstring;160;9;26;6000;165564631578,95
unevenstring;160;9;27;6000;165564631578,95
unevenstring;160;9;28;6000;165564631578,95
unevenstring;160;9;29;6000;165564631578,95
unevenstring;160;9;30;6000;165564631578,95
unevenstring;192;8;1;6000;170039351351,35
unevenstring;192;8;2;6000;165564631578,95
unevenstring;192;8;3;6000;161319384615,38
unevenstring;192;8;4;6000;165564631578,95
unevenstring;192;8;5;6000;165564631578,95
unevenstring;192;8;6;6000;165564631578,95
unevenstring;192;8;7;6000;165564631578,95
unevenstring;192;8;8;6000;165564631578,95
unevenstring;192;8;9;6000;165564631578,95
unevenstring;192;8;10;6000;165564631578,95
unevenstring;192;8;11;6000;165564631578,95
unevenstring;192;8;12;6000;165564631578,95
unevenstring;192;8;13;6000;165564631578,95
unevenstring;192;8;14;6000;165564631578,95
unevenstring;192;8;15;6000;170039351351,35
unevenstring;192;8;16;6000;170039351351,35
unevenstring;192;8;17;6000;165564631578,95
unevenstring;192;8;18;6000;170039351351,35
unevenstring;192;8;19;6000;170039351351,35
unevenstring;192;8;20;6000;170039351351,35
unevenstring;192;8;21;6000;170039351351,35
unevenstring;192;8;22;6000;170039351351,35
unevenstring;192;8;23;6000;170039351351,35
unevenstring;192;8;24;6000;170039351351,35
unevenstring;192;8;25;6000;170039351351,35
unevenstring;192;8;26;6000;170039351351,35
unevenstring;192;8;27;6000;170039351351,35
unevenstring;192;8;28;6000;165564631578,95
unevenstring;192;8;29;6000;165564631578,95
unevenstring;192;8;30;6000;165564631578,95
unevenstring;224;6;1;6000;161319384615,38
unevenstring;224;6;2;6000;165564631578,95
unevenstring;224;6;3;6000;161319384615,38
unevenstring;224;6;4;6000;165564631578,95
unevenstring;224;6;5;6000;165564631578,95
unevenstring;224;6;6;6000;165564631578,95
unevenstring;224;6;7;6000;165564631578,95
unevenstring;224;6;8;6000;165564631578,95
unevenstring;224;6;9;6000;165564631578,95
unevenstring;224;6;10;6000;165564631578,95
unevenstring;224;6;11;6000;165564631578,95
unevenstring;224;6;12;6000;165564631578,95
unevenstring;224;6;13;6000;165564631578,95
unevenstring;224;6;14;6000;165564631578,95
unevenstring;224;6;15;6000;165564631578,95
unevenstring;224;6;16;6000;165564631578,95
unevenstring;224;6;17;6000;165564631578,95
unevenstring;224;6;18;6000;165564631578,95
unevenstring;224;6;19;6000;165564631578,95
unevenstring;224;6;20;6000;165564631578,95
unevenstring;224;6;21;6000;161319384615,38
unevenstring;224;6;22;6000;161319384615,38
unevenstring;224;6;23;6000;157286400000,00
unevenstring;224;6;24;6000;161319384615,38
unevenstring;224;6;25;6000;161319384615,38
unevenstring;224;6;26;6000;161319384615,38
unevenstring;224;6;27;6000;161319384615,38
unevenstring;224;6;28;6000;161319384615,38
unevenstring;224;6;29;6000;161319384615,38
unevenstring;224;6;30;6000;161319384615,38
unevenstring;256;6;1;6000;174762666666,67
unevenstring;256;6;2;6000;170039351351,35
unevenstring;256;6;3;6000;170039351351,35
unevenstring;256;6;4;6000;170039351351,35
unevenstring;256;6;5;6000;170039351351,35
unevenstring;256;6;6;6000;170039351351,35
unevenstring;256;6;7;6000;170039351351,35
unevenstring;256;6;8;6000;165564631578,95
unevenstring;256;6;9;6000;170039351351,35
unevenstring;256;6;10;6000;170039351351,35
unevenstring;256;6;11;6000;170039351351,35
unevenstring;256;6;12;6000;170039351351,35
unevenstring;256;6;13;6000;170039351351,35
unevenstring;256;6;14;6000;170039351351,35
unevenstring;256;6;15;6000;170039351351,35
unevenstring;256;6;16;6000;170039351351,35
unevenstring;256;6;17;6000;170039351351,35
unevenstring;256;6;18;6000;170039351351,35
unevenstring;256;6;19;6000;165564631578,95
unevenstring;256;6;20;6000;170039351351,35
unevenstring;256;6;21;6000;165564631578,95
unevenstring;256;6;22;6000;170039351351,35
unevenstring;256;6;23;6000;170039351351,35
unevenstring;256;6;24;6000;170039351351,35
unevenstring;256;6;25;6000;170039351351,35
unevenstring;256;6;26;6000;170039351351,35
unevenstring;256;6;27;6000;170039351351,35
unevenstring;256;6;28;6000;170039351351,35
unevenstring;256;6;29;6000;170039351351,35
unevenstring;256;6;30;6000;165564631578,95
unevenstring;288;5;1;6000;161319384615,38
unevenstring;288;5;2;6000;165564631578,95
unevenstring;288;5;3;6000;165564631578,95
unevenstring;288;5;4;6000;165564631578,95
unevenstring;288;5;5;6000;165564631578,95
unevenstring;288;5;6;6000;165564631578,95
unevenstring;288;5;7;6000;165564631578,95
unevenstring;288;5;8;6000;165564631578,95
unevenstring;288;5;9;6000;161319384615,38
unevenstring;288;5;10;6000;165564631578,95
unevenstring;288;5;11;6000;165564631578,95
unevenstring;288;5;12;6000;161319384615,38
unevenstring;288;5;13;6000;165564631578,95
unevenstring;288;5;14;6000;165564631578,95
unevenstring;288;5;15;6000;165564631578,95
unevenstring;288;5;16;6000;165564631578,95
unevenstring;288;5;17;6000;161319384615,38
unevenstring;288;5;18;6000;161319384615,38
unevenstring;288;5;19;6000;161319384615,38
unevenstring;288;5;20;6000;165564631578,95
unevenstring;288;5;21;6000;165564631578,95
unevenstring;288;5;22;6000;165564631578,95
unevenstring;288;5;23;6000;161319384615,38
unevenstring;288;5;24;6000;161319384615,38
unevenstring;288;5;25;6000;161319384615,38
unevenstring;288;5;26;6000;161319384615,38
unevenstring;288;5;27;6000;161319384615,38
unevenstring;288;5;28;6000;165564631578,95
unevenstring;288;5;29;6000;165564631578,95
unevenstring;288;5;30;6000;165564631578,95
------------;32;24;1;6000;196608000000,00
------------;32;24;2;6000;196608000000,00
------------;32;24;3;6000;190650181818,18
------------;32;24;4;6000;190650181818,18
------------;32;24;5;6000;196608000000,00
------------;32;24;6;6000;190650181818,18
------------;32;24;7;6000;190650181818,18
------------;32;24;8;6000;190650181818,18
------------;32;24;9;6000;196608000000,00
------------;32;24;10;6000;190650181818,18
------------;32;24;11;6000;190650181818,18
------------;32;24;12;6000;196608000000,00
------------;32;24;13;6000;190650181818,18
------------;32;24;14;6000;190650181818,18
------------;32;24;15;6000;190650181818,18
------------;32;24;16;6000;196608000000,00
------------;32;24;17;6000;190650181818,18
------------;32;24;18;6000;190650181818,18
------------;32;24;19;6000;190650181818,18
------------;32;24;20;6000;196608000000,00
------------;32;24;21;6000;190650181818,18
------------;32;24;22;6000;190650181818,18
------------;32;24;23;6000;190650181818,18
------------;32;24;24;6000;196608000000,00
------------;32;24;25;6000;196608000000,00
------------;32;24;26;6000;190650181818,18
------------;32;24;27;6000;196608000000,00
------------;32;24;28;6000;196608000000,00
------------;32;24;29;6000;196608000000,00
------------;32;24;30;6000;190650181818,18
------------;64;24;1;6000;251658240000,00
------------;64;24;2;6000;216946758620,69
------------;64;24;3;6000;233016888888,89
------------;64;24;4;6000;209715200000,00
------------;64;24;5;6000;233016888888,89
------------;64;24;6;6000;209715200000,00
------------;64;24;7;6000;233016888888,89
------------;64;24;8;6000;209715200000,00
------------;64;24;9;6000;233016888888,89
------------;64;24;10;6000;216946758620,69
------------;64;24;11;6000;233016888888,89
------------;64;24;12;6000;209715200000,00
------------;64;24;13;6000;233016888888,89
------------;64;24;14;6000;216946758620,69
------------;64;24;15;6000;241979076923,08
------------;64;24;16;6000;216946758620,69
------------;64;24;17;6000;233016888888,89
------------;64;24;18;6000;216946758620,69
------------;64;24;19;6000;233016888888,89
------------;64;24;20;6000;216946758620,69
------------;64;24;21;6000;233016888888,89
------------;64;24;22;6000;216946758620,69
------------;64;24;23;6000;233016888888,89
------------;64;24;24;6000;224694857142,86
------------;64;24;25;6000;224694857142,86
------------;64;24;26;6000;233016888888,89
------------;64;24;27;6000;209715200000,00
------------;64;24;28;6000;233016888888,89
------------;64;24;29;6000;209715200000,00
------------;64;24;30;6000;233016888888,89
------------;96;16;1;6000;224694857142,86
------------;96;16;2;6000;233016888888,89
------------;96;16;3;6000;216946758620,69
------------;96;16;4;6000;233016888888,89
------------;96;16;5;6000;224694857142,86
------------;96;16;6;6000;241979076923,08
------------;96;16;7;6000;224694857142,86
------------;96;16;8;6000;233016888888,89
------------;96;16;9;6000;216946758620,69
------------;96;16;10;6000;233016888888,89
------------;96;16;11;6000;216946758620,69
------------;96;16;12;6000;233016888888,89
------------;96;16;13;6000;216946758620,69
------------;96;16;14;6000;233016888888,89
------------;96;16;15;6000;216946758620,69
------------;96;16;16;6000;233016888888,89
------------;96;16;17;6000;224694857142,86
------------;96;16;18;6000;233016888888,89
------------;96;16;19;6000;216946758620,69
------------;96;16;20;6000;233016888888,89
------------;96;16;21;6000;233016888888,89
------------;96;16;22;6000;233016888888,89
------------;96;16;23;6000;233016888888,89
------------;96;16;24;6000;216946758620,69
------------;96;16;25;6000;233016888888,89
------------;96;16;26;6000;216946758620,69
------------;96;16;27;6000;233016888888,89
------------;96;16;28;6000;216946758620,69
------------;96;16;29;6000;233016888888,89
------------;96;16;30;6000;216946758620,69
------------;128;12;1;6000;233016888888,89
------------;128;12;2;6000;216946758620,69
------------;128;12;3;6000;233016888888,89
------------;128;12;4;6000;216946758620,69
------------;128;12;5;6000;224694857142,86
------------;128;12;6;6000;224694857142,86
------------;128;12;7;6000;233016888888,89
------------;128;12;8;6000;233016888888,89
------------;128;12;9;6000;233016888888,89
------------;128;12;10;6000;233016888888,89
------------;128;12;11;6000;216946758620,69
------------;128;12;12;6000;233016888888,89
------------;128;12;13;6000;216946758620,69
------------;128;12;14;6000;233016888888,89
------------;128;12;15;6000;216946758620,69
------------;128;12;16;6000;233016888888,89
------------;128;12;17;6000;216946758620,69
------------;128;12;18;6000;233016888888,89
------------;128;12;19;6000;233016888888,89
------------;128;12;20;6000;241979076923,08
------------;128;12;21;6000;224694857142,86
------------;128;12;22;6000;233016888888,89
------------;128;12;23;6000;224694857142,86
------------;128;12;24;6000;233016888888,89
------------;128;12;25;6000;216946758620,69
------------;128;12;26;6000;241979076923,08
------------;128;12;27;6000;224694857142,86
------------;128;12;28;6000;241979076923,08
------------;128;12;29;6000;224694857142,86
------------;128;12;30;6000;233016888888,89
------------;160;9;1;6000;224694857142,86
------------;160;9;2;6000;224694857142,86
------------;160;9;3;6000;224694857142,86
------------;160;9;4;6000;224694857142,86
------------;160;9;5;6000;224694857142,86
------------;160;9;6;6000;224694857142,86
------------;160;9;7;6000;224694857142,86
------------;160;9;8;6000;224694857142,86
------------;160;9;9;6000;224694857142,86
------------;160;9;10;6000;224694857142,86
------------;160;9;11;6000;224694857142,86
------------;160;9;12;6000;209715200000,00
------------;160;9;13;6000;224694857142,86
------------;160;9;14;6000;224694857142,86
------------;160;9;15;6000;224694857142,86
------------;160;9;16;6000;224694857142,86
------------;160;9;17;6000;216946758620,69
------------;160;9;18;6000;224694857142,86
------------;160;9;19;6000;216946758620,69
------------;160;9;20;6000;233016888888,89
------------;160;9;21;6000;209715200000,00
------------;160;9;22;6000;224694857142,86
------------;160;9;23;6000;209715200000,00
------------;160;9;24;6000;233016888888,89
------------;160;9;25;6000;209715200000,00
------------;160;9;26;6000;233016888888,89
------------;160;9;27;6000;209715200000,00
------------;160;9;28;6000;233016888888,89
------------;160;9;29;6000;216946758620,69
------------;160;9;30;6000;233016888888,89
------------;192;8;1;6000;224694857142,86
------------;192;8;2;6000;241979076923,08
------------;192;8;3;6000;224694857142,86
------------;192;8;4;6000;233016888888,89
------------;192;8;5;6000;233016888888,89
------------;192;8;6;6000;233016888888,89
------------;192;8;7;6000;233016888888,89
------------;192;8;8;6000;216946758620,69
------------;192;8;9;6000;233016888888,89
------------;192;8;10;6000;216946758620,69
------------;192;8;11;6000;233016888888,89
------------;192;8;12;6000;216946758620,69
------------;192;8;13;6000;233016888888,89
------------;192;8;14;6000;224694857142,86
------------;192;8;15;6000;241979076923,08
------------;192;8;16;6000;224694857142,86
------------;192;8;17;6000;224694857142,86
------------;192;8;18;6000;233016888888,89
------------;192;8;19;6000;224694857142,86
------------;192;8;20;6000;233016888888,89
------------;192;8;21;6000;216946758620,69
------------;192;8;22;6000;233016888888,89
------------;192;8;23;6000;209715200000,00
------------;192;8;24;6000;233016888888,89
------------;192;8;25;6000;216946758620,69
------------;192;8;26;6000;233016888888,89
------------;192;8;27;6000;224694857142,86
------------;192;8;28;6000;233016888888,89
------------;192;8;29;6000;216946758620,69
------------;192;8;30;6000;224694857142,86
------------;224;6;1;6000;209715200000,00
------------;224;6;2;6000;224694857142,86
------------;224;6;3;6000;224694857142,86
------------;224;6;4;6000;233016888888,89
------------;224;6;5;6000;224694857142,86
------------;224;6;6;6000;233016888888,89
------------;224;6;7;6000;224694857142,86
------------;224;6;8;6000;224694857142,86
------------;224;6;9;6000;216946758620,69
------------;224;6;10;6000;224694857142,86
------------;224;6;11;6000;216946758620,69
------------;224;6;12;6000;224694857142,86
------------;224;6;13;6000;216946758620,69
------------;224;6;14;6000;224694857142,86
------------;224;6;15;6000;216946758620,69
------------;224;6;16;6000;224694857142,86
------------;224;6;17;6000;224694857142,86
------------;224;6;18;6000;224694857142,86
------------;224;6;19;6000;216946758620,69
------------;224;6;20;6000;224694857142,86
------------;224;6;21;6000;209715200000,00
------------;224;6;22;6000;216946758620,69
------------;224;6;23;6000;209715200000,00
------------;224;6;24;6000;216946758620,69
------------;224;6;25;6000;224694857142,86
------------;224;6;26;6000;209715200000,00
------------;224;6;27;6000;224694857142,86
------------;224;6;28;6000;216946758620,69
------------;224;6;29;6000;224694857142,86
------------;224;6;30;6000;209715200000,00
------------;256;6;1;6000;233016888888,89
------------;256;6;2;6000;224694857142,86
------------;256;6;3;6000;233016888888,89
------------;256;6;4;6000;224694857142,86
------------;256;6;5;6000;233016888888,89
------------;256;6;6;6000;224694857142,86
------------;256;6;7;6000;241979076923,08
------------;256;6;8;6000;233016888888,89
------------;256;6;9;6000;233016888888,89
------------;256;6;10;6000;233016888888,89
------------;256;6;11;6000;233016888888,89
------------;256;6;12;6000;233016888888,89
------------;256;6;13;6000;216946758620,69
------------;256;6;14;6000;233016888888,89
------------;256;6;15;6000;224694857142,86
------------;256;6;16;6000;233016888888,89
------------;256;6;17;6000;224694857142,86
------------;256;6;18;6000;233016888888,89
------------;256;6;19;6000;224694857142,86
------------;256;6;20;6000;233016888888,89
------------;256;6;21;6000;233016888888,89
------------;256;6;22;6000;233016888888,89
------------;256;6;23;6000;241979076923,08
------------;256;6;24;6000;216946758620,69
------------;256;6;25;6000;233016888888,89
------------;256;6;26;6000;209715200000,00
------------;256;6;27;6000;233016888888,89
------------;256;6;28;6000;216946758620,69
------------;256;6;29;6000;233016888888,89
------------;256;6;30;6000;216946758620,69
------------;288;5;1;6000;216946758620,69
------------;288;5;2;6000;209715200000,00
------------;288;5;3;6000;224694857142,86
------------;288;5;4;6000;216946758620,69
------------;288;5;5;6000;224694857142,86
------------;288;5;6;6000;209715200000,00
------------;288;5;7;6000;224694857142,86
------------;288;5;8;6000;216946758620,69
------------;288;5;9;6000;224694857142,86
------------;288;5;10;6000;224694857142,86
------------;288;5;11;6000;224694857142,86
------------;288;5;12;6000;216946758620,69
------------;288;5;13;6000;224694857142,86
------------;288;5;14;6000;216946758620,69
------------;288;5;15;6000;224694857142,86
------------;288;5;16;6000;216946758620,69
------------;288;5;17;6000;216946758620,69
------------;288;5;18;6000;216946758620,69
------------;288;5;19;6000;224694857142,86
------------;288;5;20;6000;216946758620,69
------------;288;5;21;6000;224694857142,86
------------;288;5;22;6000;216946758620,69
------------;288;5;23;6000;224694857142,86
------------;288;5;24;6000;216946758620,69
------------;288;5;25;6000;224694857142,86
------------;288;5;26;6000;209715200000,00
------------;288;5;27;6000;216946758620,69
------------;288;5;28;6000;216946758620,69
------------;288;5;29;6000;216946758620,69
------------;288;5;30;6000;224694857142,86
abracadabra;32;24;1;8000;86480494845,36
abracadabra;32;24;2;8000;95325090909,09
abracadabra;32;24;3;8000;95325090909,09
abracadabra;32;24;4;8000;95325090909,09
abracadabra;32;24;5;8000;95325090909,09
abracadabra;32;24;6;8000;95325090909,09
abracadabra;32;24;7;8000;95325090909,09
abracadabra;32;24;8;8000;95325090909,09
abracadabra;32;24;9;8000;95325090909,09
abracadabra;32;24;10;8000;95325090909,09
abracadabra;32;24;11;8000;93206755555,56
abracadabra;32;24;12;8000;94254022471,91
abracadabra;32;24;13;8000;94254022471,91
abracadabra;32;24;14;8000;94254022471,91
abracadabra;32;24;15;8000;95325090909,09
abracadabra;32;24;16;8000;95325090909,09
abracadabra;32;24;17;8000;95325090909,09
abracadabra;32;24;18;8000;95325090909,09
abracadabra;32;24;19;8000;95325090909,09
abracadabra;32;24;20;8000;95325090909,09
abracadabra;32;24;21;8000;95325090909,09
abracadabra;32;24;22;8000;94254022471,91
abracadabra;32;24;23;8000;94254022471,91
abracadabra;32;24;24;8000;95325090909,09
abracadabra;32;24;25;8000;95325090909,09
abracadabra;32;24;26;8000;95325090909,09
abracadabra;32;24;27;8000;94254022471,91
abracadabra;32;24;28;8000;95325090909,09
abracadabra;32;24;29;8000;94254022471,91
abracadabra;32;24;30;8000;95325090909,09
abracadabra;64;24;1;8000;118149408450,70
abracadabra;64;24;2;8000;119837257142,86
abracadabra;64;24;3;8000;118149408450,70
abracadabra;64;24;4;8000;118149408450,70
abracadabra;64;24;5;8000;118149408450,70
abracadabra;64;24;6;8000;119837257142,86
abracadabra;64;24;7;8000;119837257142,86
abracadabra;64;24;8;8000;118149408450,70
abracadabra;64;24;9;8000;119837257142,86
abracadabra;64;24;10;8000;118149408450,70
abracadabra;64;24;11;8000;118149408450,70
abracadabra;64;24;12;8000;119837257142,86
abracadabra;64;24;13;8000;118149408450,70
abracadabra;64;24;14;8000;119837257142,86
abracadabra;64;24;15;8000;119837257142,86
abracadabra;64;24;16;8000;118149408450,70
abracadabra;64;24;17;8000;119837257142,86
abracadabra;64;24;18;8000;118149408450,70
abracadabra;64;24;19;8000;118149408450,70
abracadabra;64;24;20;8000;119837257142,86
abracadabra;64;24;21;8000;118149408450,70
abracadabra;64;24;22;8000;119837257142,86
abracadabra;64;24;23;8000;118149408450,70
abracadabra;64;24;24;8000;118149408450,70
abracadabra;64;24;25;8000;119837257142,86
abracadabra;64;24;26;8000;119837257142,86
abracadabra;64;24;27;8000;119837257142,86
abracadabra;64;24;28;8000;118149408450,70
abracadabra;64;24;29;8000;119837257142,86
abracadabra;64;24;30;8000;119837257142,86
abracadabra;96;16;1;8000;116508444444,44
abracadabra;96;16;2;8000;118149408450,70
abracadabra;96;16;3;8000;118149408450,70
abracadabra;96;16;4;8000;118149408450,70
abracadabra;96;16;5;8000;118149408450,70
abracadabra;96;16;6;8000;118149408450,70
abracadabra;96;16;7;8000;118149408450,70
abracadabra;96;16;8;8000;118149408450,70
abracadabra;96;16;9;8000;118149408450,70
abracadabra;96;16;10;8000;118149408450,70
abracadabra;96;16;11;8000;118149408450,70
abracadabra;96;16;12;8000;118149408450,70
abracadabra;96;16;13;8000;118149408450,70
abracadabra;96;16;14;8000;118149408450,70
abracadabra;96;16;15;8000;118149408450,70
abracadabra;96;16;16;8000;118149408450,70
abracadabra;96;16;17;8000;118149408450,70
abracadabra;96;16;18;8000;118149408450,70
abracadabra;96;16;19;8000;118149408450,70
abracadabra;96;16;20;8000;116508444444,44
abracadabra;96;16;21;8000;118149408450,70
abracadabra;96;16;22;8000;118149408450,70
abracadabra;96;16;23;8000;118149408450,70
abracadabra;96;16;24;8000;118149408450,70
abracadabra;96;16;25;8000;118149408450,70
abracadabra;96;16;26;8000;118149408450,70
abracadabra;96;16;27;8000;118149408450,70
abracadabra;96;16;28;8000;118149408450,70
abracadabra;96;16;29;8000;118149408450,70
abracadabra;96;16;30;8000;118149408450,70
abracadabra;128;12;1;8000;118149408450,70
abracadabra;128;12;2;8000;118149408450,70
abracadabra;128;12;3;8000;119837257142,86
abracadabra;128;12;4;8000;118149408450,70
abracadabra;128;12;5;8000;119837257142,86
abracadabra;128;12;6;8000;118149408450,70
abracadabra;128;12;7;8000;118149408450,70
abracadabra;128;12;8;8000;119837257142,86
abracadabra;128;12;9;8000;116508444444,44
abracadabra;128;12;10;8000;118149408450,70
abracadabra;128;12;11;8000;119837257142,86
abracadabra;128;12;12;8000;118149408450,70
abracadabra;128;12;13;8000;119837257142,86
abracadabra;128;12;14;8000;118149408450,70
abracadabra;128;12;15;8000;118149408450,70
abracadabra;128;12;16;8000;119837257142,86
abracadabra;128;12;17;8000;118149408450,70
abracadabra;128;12;18;8000;118149408450,70
abracadabra;128;12;19;8000;119837257142,86
abracadabra;128;12;20;8000;118149408450,70
abracadabra;128;12;21;8000;118149408450,70
abracadabra;128;12;22;8000;118149408450,70
abracadabra;128;12;23;8000;118149408450,70
abracadabra;128;12;24;8000;119837257142,86
abracadabra;128;12;25;8000;118149408450,70
abracadabra;128;12;26;8000;118149408450,70
abracadabra;128;12;27;8000;119837257142,86
abracadabra;128;12;28;8000;118149408450,70
abracadabra;128;12;29;8000;119837257142,86
abracadabra;128;12;30;8000;118149408450,70
abracadabra;160;9;1;8000;118149408450,70
abracadabra;160;9;2;8000;118149408450,70
abracadabra;160;9;3;8000;116508444444,44
abracadabra;160;9;4;8000;118149408450,70
abracadabra;160;9;5;8000;118149408450,70
abracadabra;160;9;6;8000;118149408450,70
abracadabra;160;9;7;8000;118149408450,70
abracadabra;160;9;8;8000;119837257142,86
abracadabra;160;9;9;8000;118149408450,70
abracadabra;160;9;10;8000;118149408450,70
abracadabra;160;9;11;8000;118149408450,70
abracadabra;160;9;12;8000;118149408450,70
abracadabra;160;9;13;8000;118149408450,70
abracadabra;160;9;14;8000;118149408450,70
abracadabra;160;9;15;8000;118149408450,70
abracadabra;160;9;16;8000;118149408450,70
abracadabra;160;9;17;8000;118149408450,70
abracadabra;160;9;18;8000;118149408450,70
abracadabra;160;9;19;8000;118149408450,70
abracadabra;160;9;20;8000;118149408450,70
abracadabra;160;9;21;8000;118149408450,70
abracadabra;160;9;22;8000;118149408450,70
abracadabra;160;9;23;8000;118149408450,70
abracadabra;160;9;24;8000;118149408450,70
abracadabra;160;9;25;8000;118149408450,70
abracadabra;160;9;26;8000;118149408450,70
abracadabra;160;9;27;8000;118149408450,70
abracadabra;160;9;28;8000;118149408450,70
abracadabra;160;9;29;8000;118149408450,70
abracadabra;160;9;30;8000;118149408450,70
abracadabra;192;8;1;8000;119837257142,86
abracadabra;192;8;2;8000;121574028985,51
abracadabra;192;8;3;8000;121574028985,51
abracadabra;192;8;4;8000;119837257142,86
abracadabra;192;8;5;8000;121574028985,51
abracadabra;192;8;6;8000;121574028985,51
abracadabra;192;8;7;8000;121574028985,51
abracadabra;192;8;8;8000;119837257142,86
abracadabra;192;8;9;8000;121574028985,51
abracadabra;192;8;10;8000;119837257142,86
abracadabra;192;8;11;8000;121574028985,51
abracadabra;192;8;12;8000;119837257142,86
abracadabra;192;8;13;8000;119837257142,86
abracadabra;192;8;14;8000;121574028985,51
abracadabra;192;8;15;8000;119837257142,86
abracadabra;192;8;16;8000;121574028985,51
abracadabra;192;8;17;8000;119837257142,86
abracadabra;192;8;18;8000;121574028985,51
abracadabra;192;8;19;8000;119837257142,86
abracadabra;192;8;20;8000;121574028985,51
abracadabra;192;8;21;8000;119837257142,86
abracadabra;192;8;22;8000;121574028985,51
abracadabra;192;8;23;8000;121574028985,51
abracadabra;192;8;24;8000;119837257142,86
abracadabra;192;8;25;8000;121574028985,51
abracadabra;192;8;26;8000;121574028985,51
abracadabra;192;8;27;8000;121574028985,51
abracadabra;192;8;28;8000;119837257142,86
abracadabra;192;8;29;8000;121574028985,51
abracadabra;192;8;30;8000;119837257142,86
abracadabra;224;6;1;8000;116508444444,44
abracadabra;224;6;2;8000;116508444444,44
abracadabra;224;6;3;8000;114912438356,16
abracadabra;224;6;4;8000;116508444444,44
abracadabra;224;6;5;8000;114912438356,16
abracadabra;224;6;6;8000;116508444444,44
abracadabra;224;6;7;8000;114912438356,16
abracadabra;224;6;8;8000;116508444444,44
abracadabra;224;6;9;8000;116508444444,44
abracadabra;224;6;10;8000;114912438356,16
abracadabra;224;6;11;8000;114912438356,16
abracadabra;224;6;12;8000;116508444444,44
abracadabra;224;6;13;8000;114912438356,16
abracadabra;224;6;14;8000;114912438356,16
abracadabra;224;6;15;8000;116508444444,44
abracadabra;224;6;16;8000;116508444444,44
abracadabra;224;6;17;8000;114912438356,16
abracadabra;224;6;18;8000;116508444444,44
abracadabra;224;6;19;8000;116508444444,44
abracadabra;224;6;20;8000;114912438356,16
abracadabra;224;6;21;8000;116508444444,44
abracadabra;224;6;22;8000;116508444444,44
abracadabra;224;6;23;8000;116508444444,44
abracadabra;224;6;24;8000;114912438356,16
abracadabra;224;6;25;8000;116508444444,44
abracadabra;224;6;26;8000;116508444444,44
abracadabra;224;6;27;8000;114912438356,16
abracadabra;224;6;28;8000;114912438356,16
abracadabra;224;6;29;8000;116508444444,44
abracadabra;224;6;30;8000;116508444444,44
abracadabra;256;6;1;8000;121574028985,51
abracadabra;256;6;2;8000;123361882352,94
abracadabra;256;6;3;8000;121574028985,51
abracadabra;256;6;4;8000;123361882352,94
abracadabra;256;6;5;8000;121574028985,51
abracadabra;256;6;6;8000;123361882352,94
abracadabra;256;6;7;8000;121574028985,51
abracadabra;256;6;8;8000;123361882352,94
abracadabra;256;6;9;8000;121574028985,51
abracadabra;256;6;10;8000;123361882352,94
abracadabra;256;6;11;8000;121574028985,51
abracadabra;256;6;12;8000;123361882352,94
abracadabra;256;6;13;8000;121574028985,51
abracadabra;256;6;14;8000;121574028985,51
abracadabra;256;6;15;8000;121574028985,51
abracadabra;256;6;16;8000;123361882352,94
abracadabra;256;6;17;8000;121574028985,51
abracadabra;256;6;18;8000;123361882352,94
abracadabra;256;6;19;8000;121574028985,51
abracadabra;256;6;20;8000;121574028985,51
abracadabra;256;6;21;8000;123361882352,94
abracadabra;256;6;22;8000;123361882352,94
abracadabra;256;6;23;8000;123361882352,94
abracadabra;256;6;24;8000;121574028985,51
abracadabra;256;6;25;8000;123361882352,94
abracadabra;256;6;26;8000;123361882352,94
abracadabra;256;6;27;8000;121574028985,51
abracadabra;256;6;28;8000;121574028985,51
abracadabra;256;6;29;8000;123361882352,94
abracadabra;256;6;30;8000;123361882352,94
abracadabra;288;5;1;8000;119837257142,86
abracadabra;288;5;2;8000;118149408450,70
abracadabra;288;5;3;8000;119837257142,86
abracadabra;288;5;4;8000;118149408450,70
abracadabra;288;5;5;8000;119837257142,86
abracadabra;288;5;6;8000;119837257142,86
abracadabra;288;5;7;8000;119837257142,86
abracadabra;288;5;8;8000;119837257142,86
abracadabra;288;5;9;8000;118149408450,70
abracadabra;288;5;10;8000;119837257142,86
abracadabra;288;5;11;8000;121574028985,51
abracadabra;288;5;12;8000;119837257142,86
abracadabra;288;5;13;8000;119837257142,86
abracadabra;288;5;14;8000;119837257142,86
abracadabra;288;5;15;8000;118149408450,70
abracadabra;288;5;16;8000;119837257142,86
abracadabra;288;5;17;8000;118149408450,70
abracadabra;288;5;18;8000;119837257142,86
abracadabra;288;5;19;8000;119837257142,86
abracadabra;288;5;20;8000;119837257142,86
abracadabra;288;5;21;8000;119837257142,86
abracadabra;288;5;22;8000;119837257142,86
abracadabra;288;5;23;8000;119837257142,86
abracadabra;288;5;24;8000;119837257142,86
abracadabra;288;5;25;8000;119837257142,86
abracadabra;288;5;26;8000;119837257142,86
abracadabra;288;5;27;8000;119837257142,86
abracadabra;288;5;28;8000;119837257142,86
abracadabra;288;5;29;8000;118149408450,70
abracadabra;288;5;30;8000;119837257142,86
unevenstring;32;24;1;8000;101067566265,06
unevenstring;32;24;2;8000;101067566265,06
unevenstring;32;24;3;8000;101067566265,06
unevenstring;32;24;4;8000;99864380952,38
unevenstring;32;24;5;8000;101067566265,06
unevenstring;32;24;6;8000;101067566265,06
unevenstring;32;24;7;8000;101067566265,06
unevenstring;32;24;8;8000;101067566265,06
unevenstring;32;24;9;8000;101067566265,06
unevenstring;32;24;10;8000;101067566265,06
unevenstring;32;24;11;8000;99864380952,38
unevenstring;32;24;12;8000;99864380952,38
unevenstring;32;24;13;8000;101067566265,06
unevenstring;32;24;14;8000;101067566265,06
unevenstring;32;24;15;8000;101067566265,06
unevenstring;32;24;16;8000;99864380952,38
unevenstring;32;24;17;8000;101067566265,06
unevenstring;32;24;18;8000;101067566265,06
unevenstring;32;24;19;8000;101067566265,06
unevenstring;32;24;20;8000;99864380952,38
unevenstring;32;24;21;8000;101067566265,06
unevenstring;32;24;22;8000;101067566265,06
unevenstring;32;24;23;8000;99864380952,38
unevenstring;32;24;24;8000;99864380952,38
unevenstring;32;24;25;8000;102300097560,98
unevenstring;32;24;26;8000;101067566265,06
unevenstring;32;24;27;8000;101067566265,06
unevenstring;32;24;28;8000;99864380952,38
unevenstring;32;24;29;8000;101067566265,06
unevenstring;32;24;30;8000;101067566265,06
unevenstring;64;24;1;8000;123361882352,94
unevenstring;64;24;2;8000;125203104477,61
unevenstring;64;24;3;8000;125203104477,61
unevenstring;64;24;4;8000;125203104477,61
unevenstring;64;24;5;8000;125203104477,61
unevenstring;64;24;6;8000;123361882352,94
unevenstring;64;24;7;8000;125203104477,61
unevenstring;64;24;8;8000;123361882352,94
unevenstring;64;24;9;8000;125203104477,61
unevenstring;64;24;10;8000;123361882352,94
unevenstring;64;24;11;8000;125203104477,61
unevenstring;64;24;12;8000;123361882352,94
unevenstring;64;24;13;8000;119837257142,86
unevenstring;64;24;14;8000;125203104477,61
unevenstring;64;24;15;8000;125203104477,61
unevenstring;64;24;16;8000;125203104477,61
unevenstring;64;24;17;8000;125203104477,61
unevenstring;64;24;18;8000;125203104477,61
unevenstring;64;24;19;8000;123361882352,94
unevenstring;64;24;20;8000;125203104477,61
unevenstring;64;24;21;8000;123361882352,94
unevenstring;64;24;22;8000;125203104477,61
unevenstring;64;24;23;8000;125203104477,61
unevenstring;64;24;24;8000;125203104477,61
unevenstring;64;24;25;8000;123361882352,94
unevenstring;64;24;26;8000;125203104477,61
unevenstring;64;24;27;8000;125203104477,61
unevenstring;64;24;28;8000;125203104477,61
unevenstring;64;24;29;8000;125203104477,61
unevenstring;64;24;30;8000;123361882352,94
unevenstring;96;16;1;8000;123361882352,94
unevenstring;96;16;2;8000;123361882352,94
unevenstring;96;16;3;8000;123361882352,94
unevenstring;96;16;4;8000;123361882352,94
unevenstring;96;16;5;8000;123361882352,94
unevenstring;96;16;6;8000;123361882352,94
unevenstring;96;16;7;8000;123361882352,94
unevenstring;96;16;8;8000;123361882352,94
unevenstring;96;16;9;8000;123361882352,94
unevenstring;96;16;10;8000;123361882352,94
unevenstring;96;16;11;8000;123361882352,94
unevenstring;96;16;12;8000;123361882352,94
unevenstring;96;16;13;8000;123361882352,94
unevenstring;96;16;14;8000;123361882352,94
unevenstring;96;16;15;8000;123361882352,94
unevenstring;96;16;16;8000;123361882352,94
unevenstring;96;16;17;8000;123361882352,94
unevenstring;96;16;18;8000;123361882352,94
unevenstring;96;16;19;8000;123361882352,94
unevenstring;96;16;20;8000;123361882352,94
unevenstring;96;16;21;8000;123361882352,94
unevenstring;96;16;22;8000;123361882352,94
unevenstring;96;16;23;8000;123361882352,94
unevenstring;96;16;24;8000;123361882352,94
unevenstring;96;16;25;8000;123361882352,94
unevenstring;96;16;26;8000;123361882352,94
unevenstring;96;16;27;8000;123361882352,94
unevenstring;96;16;28;8000;123361882352,94
unevenstring;96;16;29;8000;123361882352,94
unevenstring;96;16;30;8000;123361882352,94
unevenstring;128;12;1;8000;123361882352,94
unevenstring;128;12;2;8000;123361882352,94
unevenstring;128;12;3;8000;125203104477,61
unevenstring;128;12;4;8000;123361882352,94
unevenstring;128;12;5;8000;125203104477,61
unevenstring;128;12;6;8000;125203104477,61
unevenstring;128;12;7;8000;123361882352,94
unevenstring;128;12;8;8000;125203104477,61
unevenstring;128;12;9;8000;123361882352,94
unevenstring;128;12;10;8000;125203104477,61
unevenstring;128;12;11;8000;123361882352,94
unevenstring;128;12;12;8000;125203104477,61
unevenstring;128;12;13;8000;123361882352,94
unevenstring;128;12;14;8000;125203104477,61
unevenstring;128;12;15;8000;123361882352,94
unevenstring;128;12;16;8000;125203104477,61
unevenstring;128;12;17;8000;123361882352,94
unevenstring;128;12;18;8000;125203104477,61
unevenstring;128;12;19;8000;125203104477,61
unevenstring;128;12;20;8000;123361882352,94
unevenstring;128;12;21;8000;125203104477,61
unevenstring;128;12;22;8000;123361882352,94
unevenstring;128;12;23;8000;123361882352,94
unevenstring;128;12;24;8000;123361882352,94
unevenstring;128;12;25;8000;125203104477,61
unevenstring;128;12;26;8000;123361882352,94
unevenstring;128;12;27;8000;125203104477,61
unevenstring;128;12;28;8000;123361882352,94
unevenstring;128;12;29;8000;125203104477,61
unevenstring;128;12;30;8000;123361882352,94
unevenstring;160;9;1;8000;125203104477,61
unevenstring;160;9;2;8000;123361882352,94
unevenstring;160;9;3;8000;123361882352,94
unevenstring;160;9;4;8000;123361882352,94
unevenstring;160;9;5;8000;125203104477,61
unevenstring;160;9;6;8000;123361882352,94
unevenstring;160;9;7;8000;125203104477,61
unevenstring;160;9;8;8000;123361882352,94
unevenstring;160;9;9;8000;125203104477,61
unevenstring;160;9;10;8000;123361882352,94
unevenstring;160;9;11;8000;123361882352,94
unevenstring;160;9;12;8000;123361882352,94
unevenstring;160;9;13;8000;123361882352,94
unevenstring;160;9;14;8000;123361882352,94
unevenstring;160;9;15;8000;123361882352,94
unevenstring;160;9;16;8000;123361882352,94
unevenstring;160;9;17;8000;123361882352,94
unevenstring;160;9;18;8000;123361882352,94
unevenstring;160;9;19;8000;123361882352,94
unevenstring;160;9;20;8000;123361882352,94
unevenstring;160;9;21;8000;123361882352,94
unevenstring;160;9;22;8000;123361882352,94
unevenstring;160;9;23;8000;123361882352,94
unevenstring;160;9;24;8000;123361882352,94
unevenstring;160;9;25;8000;123361882352,94
unevenstring;160;9;26;8000;125203104477,61
unevenstring;160;9;27;8000;123361882352,94
unevenstring;160;9;28;8000;125203104477,61
unevenstring;160;9;29;8000;121574028985,51
unevenstring;160;9;30;8000;125203104477,61
unevenstring;192;8;1;8000;125203104477,61
unevenstring;192;8;2;8000;127100121212,12
unevenstring;192;8;3;8000;127100121212,12
unevenstring;192;8;4;8000;127100121212,12
unevenstring;192;8;5;8000;127100121212,12
unevenstring;192;8;6;8000;125203104477,61
unevenstring;192;8;7;8000;127100121212,12
unevenstring;192;8;8;8000;127100121212,12
unevenstring;192;8;9;8000;125203104477,61
unevenstring;192;8;10;8000;125203104477,61
unevenstring;192;8;11;8000;125203104477,61
unevenstring;192;8;12;8000;127100121212,12
unevenstring;192;8;13;8000;127100121212,12
unevenstring;192;8;14;8000;125203104477,61
unevenstring;192;8;15;8000;127100121212,12
unevenstring;192;8;16;8000;127100121212,12
unevenstring;192;8;17;8000;127100121212,12
unevenstring;192;8;18;8000;127100121212,12
unevenstring;192;8;19;8000;125203104477,61
unevenstring;192;8;20;8000;127100121212,12
unevenstring;192;8;21;8000;127100121212,12
unevenstring;192;8;22;8000;127100121212,12
unevenstring;192;8;23;8000;127100121212,12
unevenstring;192;8;24;8000;125203104477,61
unevenstring;192;8;25;8000;127100121212,12
unevenstring;192;8;26;8000;127100121212,12
unevenstring;192;8;27;8000;127100121212,12
unevenstring;192;8;28;8000;127100121212,12
unevenstring;192;8;29;8000;125203104477,61
unevenstring;192;8;30;8000;127100121212,12
unevenstring;224;6;1;8000;121574028985,51
unevenstring;224;6;2;8000;121574028985,51
unevenstring;224;6;3;8000;121574028985,51
unevenstring;224;6;4;8000;121574028985,51
unevenstring;224;6;5;8000;121574028985,51
unevenstring;224;6;6;8000;121574028985,51
unevenstring;224;6;7;8000;121574028985,51
unevenstring;224;6;8;8000;123361882352,94
unevenstring;224;6;9;8000;121574028985,51
unevenstring;224;6;10;8000;121574028985,51
unevenstring;224;6;11;8000;121574028985,51
unevenstring;224;6;12;8000;121574028985,51
unevenstring;224;6;13;8000;121574028985,51
unevenstring;224;6;14;8000;121574028985,51
unevenstring;224;6;15;8000;123361882352,94
unevenstring;224;6;16;8000;121574028985,51
unevenstring;224;6;17;8000;123361882352,94
unevenstring;224;6;18;8000;121574028985,51
unevenstring;224;6;19;8000;123361882352,94
unevenstring;224;6;20;8000;121574028985,51
unevenstring;224;6;21;8000;123361882352,94
unevenstring;224;6;22;8000;121574028985,51
unevenstring;224;6;23;8000;121574028985,51
unevenstring;224;6;24;8000;121574028985,51
unevenstring;224;6;25;8000;123361882352,94
unevenstring;224;6;26;8000;121574028985,51
unevenstring;224;6;27;8000;121574028985,51
unevenstring;224;6;28;8000;121574028985,51
unevenstring;224;6;29;8000;121574028985,51
unevenstring;224;6;30;8000;121574028985,51
unevenstring;256;6;1;8000;129055507692,31
unevenstring;256;6;2;8000;127100121212,12
unevenstring;256;6;3;8000;129055507692,31
unevenstring;256;6;4;8000;129055507692,31
unevenstring;256;6;5;8000;129055507692,31
unevenstring;256;6;6;8000;129055507692,31
unevenstring;256;6;7;8000;129055507692,31
unevenstring;256;6;8;8000;127100121212,12
unevenstring;256;6;9;8000;129055507692,31
unevenstring;256;6;10;8000;129055507692,31
unevenstring;256;6;11;8000;129055507692,31
unevenstring;256;6;12;8000;129055507692,31
unevenstring;256;6;13;8000;129055507692,31
unevenstring;256;6;14;8000;129055507692,31
unevenstring;256;6;15;8000;129055507692,31
unevenstring;256;6;16;8000;129055507692,31
unevenstring;256;6;17;8000;129055507692,31
unevenstring;256;6;18;8000;129055507692,31
unevenstring;256;6;19;8000;127100121212,12
unevenstring;256;6;20;8000;129055507692,31
unevenstring;256;6;21;8000;129055507692,31
unevenstring;256;6;22;8000;129055507692,31
unevenstring;256;6;23;8000;129055507692,31
unevenstring;256;6;24;8000;129055507692,31
unevenstring;256;6;25;8000;127100121212,12
unevenstring;256;6;26;8000;129055507692,31
unevenstring;256;6;27;8000;129055507692,31
unevenstring;256;6;28;8000;127100121212,12
unevenstring;256;6;29;8000;129055507692,31
unevenstring;256;6;30;8000;129055507692,31
unevenstring;288;5;1;8000;125203104477,61
unevenstring;288;5;2;8000;127100121212,12
unevenstring;288;5;3;8000;125203104477,61
unevenstring;288;5;4;8000;127100121212,12
unevenstring;288;5;5;8000;125203104477,61
unevenstring;288;5;6;8000;127100121212,12
unevenstring;288;5;7;8000;127100121212,12
unevenstring;288;5;8;8000;125203104477,61
unevenstring;288;5;9;8000;125203104477,61
unevenstring;288;5;10;8000;125203104477,61
unevenstring;288;5;11;8000;127100121212,12
unevenstring;288;5;12;8000;125203104477,61
unevenstring;288;5;13;8000;125203104477,61
unevenstring;288;5;14;8000;119837257142,86
unevenstring;288;5;15;8000;125203104477,61
unevenstring;288;5;16;8000;127100121212,12
unevenstring;288;5;17;8000;125203104477,61
unevenstring;288;5;18;8000;125203104477,61
unevenstring;288;5;19;8000;125203104477,61
unevenstring;288;5;20;8000;127100121212,12
unevenstring;288;5;21;8000;125203104477,61
unevenstring;288;5;22;8000;125203104477,61
unevenstring;288;5;23;8000;127100121212,12
unevenstring;288;5;24;8000;125203104477,61
unevenstring;288;5;25;8000;125203104477,61
unevenstring;288;5;26;8000;125203104477,61
unevenstring;288;5;27;8000;125203104477,61
unevenstring;288;5;28;8000;125203104477,61
unevenstring;288;5;29;8000;125203104477,61
unevenstring;288;5;30;8000;127100121212,12
------------;32;24;1;8000;123361882352,94
------------;32;24;2;8000;125203104477,61
------------;32;24;3;8000;125203104477,61
------------;32;24;4;8000;125203104477,61
------------;32;24;5;8000;125203104477,61
------------;32;24;6;8000;125203104477,61
------------;32;24;7;8000;125203104477,61
------------;32;24;8;8000;125203104477,61
------------;32;24;9;8000;127100121212,12
------------;32;24;10;8000;125203104477,61
------------;32;24;11;8000;127100121212,12
------------;32;24;12;8000;127100121212,12
------------;32;24;13;8000;125203104477,61
------------;32;24;14;8000;125203104477,61
------------;32;24;15;8000;125203104477,61
------------;32;24;16;8000;127100121212,12
------------;32;24;17;8000;127100121212,12
------------;32;24;18;8000;127100121212,12
------------;32;24;19;8000;125203104477,61
------------;32;24;20;8000;125203104477,61
------------;32;24;21;8000;125203104477,61
------------;32;24;22;8000;125203104477,61
------------;32;24;23;8000;125203104477,61
------------;32;24;24;8000;125203104477,61
------------;32;24;25;8000;125203104477,61
------------;32;24;26;8000;125203104477,61
------------;32;24;27;8000;125203104477,61
------------;32;24;28;8000;127100121212,12
------------;32;24;29;8000;125203104477,61
------------;32;24;30;8000;127100121212,12
------------;64;24;1;8000;147168561403,51
------------;64;24;2;8000;147168561403,51
------------;64;24;3;8000;147168561403,51
------------;64;24;4;8000;147168561403,51
------------;64;24;5;8000;139810133333,33
------------;64;24;6;8000;139810133333,33
------------;64;24;7;8000;139810133333,33
------------;64;24;8;8000;142179796610,17
------------;64;24;9;8000;139810133333,33
------------;64;24;10;8000;139810133333,33
------------;64;24;11;8000;144631172413,79
------------;64;24;12;8000;147168561403,51
------------;64;24;13;8000;147168561403,51
------------;64;24;14;8000;147168561403,51
------------;64;24;15;8000;147168561403,51
------------;64;24;16;8000;144631172413,79
------------;64;24;17;8000;147168561403,51
------------;64;24;18;8000;147168561403,51
------------;64;24;19;8000;147168561403,51
------------;64;24;20;8000;147168561403,51
------------;64;24;21;8000;144631172413,79
------------;64;24;22;8000;147168561403,51
------------;64;24;23;8000;147168561403,51
------------;64;24;24;8000;147168561403,51
------------;64;24;25;8000;144631172413,79
------------;64;24;26;8000;147168561403,51
------------;64;24;27;8000;147168561403,51
------------;64;24;28;8000;147168561403,51
------------;64;24;29;8000;147168561403,51
------------;64;24;30;8000;147168561403,51
------------;96;16;1;8000;144631172413,79
------------;96;16;2;8000;144631172413,79
------------;96;16;3;8000;144631172413,79
------------;96;16;4;8000;144631172413,79
------------;96;16;5;8000;144631172413,79
------------;96;16;6;8000;144631172413,79
------------;96;16;7;8000;144631172413,79
------------;96;16;8;8000;144631172413,79
------------;96;16;9;8000;144631172413,79
------------;96;16;10;8000;144631172413,79
------------;96;16;11;8000;144631172413,79
------------;96;16;12;8000;144631172413,79
------------;96;16;13;8000;139810133333,33
------------;96;16;14;8000;144631172413,79
------------;96;16;15;8000;144631172413,79
------------;96;16;16;8000;144631172413,79
------------;96;16;17;8000;144631172413,79
------------;96;16;18;8000;144631172413,79
------------;96;16;19;8000;144631172413,79
------------;96;16;20;8000;144631172413,79
------------;96;16;21;8000;144631172413,79
------------;96;16;22;8000;144631172413,79
------------;96;16;23;8000;144631172413,79
------------;96;16;24;8000;144631172413,79
------------;96;16;25;8000;144631172413,79
------------;96;16;26;8000;144631172413,79
------------;96;16;27;8000;144631172413,79
------------;96;16;28;8000;139810133333,33
------------;96;16;29;8000;139810133333,33
------------;96;16;30;8000;137518163934,43
------------;128;12;1;8000;139810133333,33
------------;128;12;2;8000;139810133333,33
------------;128;12;3;8000;137518163934,43
------------;128;12;4;8000;139810133333,33
------------;128;12;5;8000;137518163934,43
------------;128;12;6;8000;139810133333,33
------------;128;12;7;8000;139810133333,33
------------;128;12;8;8000;137518163934,43
------------;128;12;9;8000;139810133333,33
------------;128;12;10;8000;139810133333,33
------------;128;12;11;8000;144631172413,79
------------;128;12;12;8000;144631172413,79
------------;128;12;13;8000;144631172413,79
------------;128;12;14;8000;147168561403,51
------------;128;12;15;8000;144631172413,79
------------;128;12;16;8000;144631172413,79
------------;128;12;17;8000;147168561403,51
------------;128;12;18;8000;144631172413,79
------------;128;12;19;8000;147168561403,51
------------;128;12;20;8000;144631172413,79
------------;128;12;21;8000;147168561403,51
------------;128;12;22;8000;144631172413,79
------------;128;12;23;8000;144631172413,79
------------;128;12;24;8000;144631172413,79
------------;128;12;25;8000;139810133333,33
------------;128;12;26;8000;139810133333,33
------------;128;12;27;8000;139810133333,33
------------;128;12;28;8000;137518163934,43
------------;128;12;29;8000;139810133333,33
------------;128;12;30;8000;139810133333,33
------------;160;9;1;8000;147168561403,51
------------;160;9;2;8000;147168561403,51
------------;160;9;3;8000;147168561403,51
------------;160;9;4;8000;147168561403,51
------------;160;9;5;8000;147168561403,51
------------;160;9;6;8000;147168561403,51
------------;160;9;7;8000;147168561403,51
------------;160;9;8;8000;147168561403,51
------------;160;9;9;8000;147168561403,51
------------;160;9;10;8000;147168561403,51
------------;160;9;11;8000;149796571428,57
------------;160;9;12;8000;147168561403,51
------------;160;9;13;8000;147168561403,51
------------;160;9;14;8000;147168561403,51
------------;160;9;15;8000;147168561403,51
------------;160;9;16;8000;147168561403,51
------------;160;9;17;8000;147168561403,51
------------;160;9;18;8000;147168561403,51
------------;160;9;19;8000;147168561403,51
------------;160;9;20;8000;147168561403,51
------------;160;9;21;8000;147168561403,51
------------;160;9;22;8000;147168561403,51
------------;160;9;23;8000;147168561403,51
------------;160;9;24;8000;147168561403,51
------------;160;9;25;8000;147168561403,51
------------;160;9;26;8000;147168561403,51
------------;160;9;27;8000;147168561403,51
------------;160;9;28;8000;144631172413,79
------------;160;9;29;8000;139810133333,33
------------;160;9;30;8000;142179796610,17
------------;192;8;1;8000;142179796610,17
------------;192;8;2;8000;139810133333,33
------------;192;8;3;8000;142179796610,17
------------;192;8;4;8000;142179796610,17
------------;192;8;5;8000;147168561403,51
------------;192;8;6;8000;149796571428,57
------------;192;8;7;8000;149796571428,57
------------;192;8;8;8000;149796571428,57
------------;192;8;9;8000;149796571428,57
------------;192;8;10;8000;149796571428,57
------------;192;8;11;8000;149796571428,57
------------;192;8;12;8000;149796571428,57
------------;192;8;13;8000;149796571428,57
------------;192;8;14;8000;147168561403,51
------------;192;8;15;8000;149796571428,57
------------;192;8;16;8000;147168561403,51
------------;192;8;17;8000;149796571428,57
------------;192;8;18;8000;149796571428,57
------------;192;8;19;8000;147168561403,51
------------;192;8;20;8000;149796571428,57
------------;192;8;21;8000;147168561403,51
------------;192;8;22;8000;149796571428,57
------------;192;8;23;8000;147168561403,51
------------;192;8;24;8000;149796571428,57
------------;192;8;25;8000;147168561403,51
------------;192;8;26;8000;149796571428,57
------------;192;8;27;8000;149796571428,57
------------;192;8;28;8000;147168561403,51
------------;192;8;29;8000;147168561403,51
------------;192;8;30;8000;149796571428,57
------------;224;6;1;8000;144631172413,79
------------;224;6;2;8000;147168561403,51
------------;224;6;3;8000;144631172413,79
------------;224;6;4;8000;144631172413,79
------------;224;6;5;8000;147168561403,51
------------;224;6;6;8000;142179796610,17
------------;224;6;7;8000;142179796610,17
------------;224;6;8;8000;139810133333,33
------------;224;6;9;8000;142179796610,17
------------;224;6;10;8000;139810133333,33
------------;224;6;11;8000;142179796610,17
------------;224;6;12;8000;144631172413,79
------------;224;6;13;8000;144631172413,79
------------;224;6;14;8000;144631172413,79
------------;224;6;15;8000;144631172413,79
------------;224;6;16;8000;137518163934,43
------------;224;6;17;8000;144631172413,79
------------;224;6;18;8000;144631172413,79
------------;224;6;19;8000;144631172413,79
------------;224;6;20;8000;144631172413,79
------------;224;6;21;8000;144631172413,79
------------;224;6;22;8000;144631172413,79
------------;224;6;23;8000;144631172413,79
------------;224;6;24;8000;144631172413,79
------------;224;6;25;8000;144631172413,79
------------;224;6;26;8000;144631172413,79
------------;224;6;27;8000;144631172413,79
------------;224;6;28;8000;144631172413,79
------------;224;6;29;8000;139810133333,33
------------;224;6;30;8000;139810133333,33
------------;256;6;1;8000;144631172413,79
------------;256;6;2;8000;144631172413,79
------------;256;6;3;8000;144631172413,79
------------;256;6;4;8000;144631172413,79
------------;256;6;5;8000;147168561403,51
------------;256;6;6;8000;152520145454,55
------------;256;6;7;8000;152520145454,55
------------;256;6;8;8000;152520145454,55
------------;256;6;9;8000;152520145454,55
------------;256;6;10;8000;152520145454,55
------------;256;6;11;8000;152520145454,55
------------;256;6;12;8000;152520145454,55
------------;256;6;13;8000;152520145454,55
------------;256;6;14;8000;152520145454,55
------------;256;6;15;8000;155344592592,59
------------;256;6;16;8000;144631172413,79
------------;256;6;17;8000;144631172413,79
------------;256;6;18;8000;144631172413,79
------------;256;6;19;8000;144631172413,79
------------;256;6;20;8000;142179796610,17
------------;256;6;21;8000;144631172413,79
------------;256;6;22;8000;144631172413,79
------------;256;6;23;8000;144631172413,79
------------;256;6;24;8000;144631172413,79
------------;256;6;25;8000;144631172413,79
------------;256;6;26;8000;144631172413,79
------------;256;6;27;8000;144631172413,79
------------;256;6;28;8000;144631172413,79
------------;256;6;29;8000;144631172413,79
------------;256;6;30;8000;144631172413,79
------------;288;5;1;8000;139810133333,33
------------;288;5;2;8000;139810133333,33
------------;288;5;3;8000;139810133333,33
------------;288;5;4;8000;139810133333,33
------------;288;5;5;8000;139810133333,33
------------;288;5;6;8000;139810133333,33
------------;288;5;7;8000;139810133333,33
------------;288;5;8;8000;139810133333,33
------------;288;5;9;8000;139810133333,33
------------;288;5;10;8000;139810133333,33
------------;288;5;11;8000;139810133333,33
------------;288;5;12;8000;137518163934,43
------------;288;5;13;8000;144631172413,79
------------;288;5;14;8000;144631172413,79
------------;288;5;15;8000;144631172413,79
------------;288;5;16;8000;144631172413,79
------------;288;5;17;8000;144631172413,79
------------;288;5;18;8000;144631172413,79
------------;288;5;19;8000;144631172413,79
------------;288;5;20;8000;144631172413,79
------------;288;5;21;8000;144631172413,79
------------;288;5;22;8000;144631172413,79
------------;288;5;23;8000;144631172413,79
------------;288;5;24;8000;144631172413,79
------------;288;5;25;8000;147168561403,51
------------;288;5;26;8000;144631172413,79
------------;288;5;27;8000;147168561403,51
------------;288;5;28;8000;147168561403,51
------------;288;5;29;8000;139810133333,33
------------;288;5;30;8000;139810133333,33
